read_latency_ms,write_latency_ms
113.78979682922363,613.5013103485107
113.92378807067871,613.1768226623535
161.44990921020508,618.1750297546387
162.30225563049316,615.1719093322754
141.23177528381348,615.0908470153809
129.0109157562256,614.9601936340332
143.31698417663574,614.5918369293213
126.6031265258789,614.6507263183594
105.75485229492188,615.2932643890381
107.0089340209961,615.8461570739746
106.72497749328613,630.666971206665
108.75296592712402,631.1647891998291
107.19418525695801,630.7508945465088
105.98874092102051,630.6807994842529
106.07194900512695,628.0510425567627
112.92123794555664,633.6328983306885
108.73603820800781,630.4090023040771
112.90478706359863,631.1008930206299
111.4358901977539,617.8641319274902
109.32707786560059,621.1531162261963
120.13792991638184,683.7387084960938
105.60107231140137,684.8678588867188
105.90100288391113,684.4007968902588
108.34932327270508,682.1660995483398
122.93505668640137,683.9759349822998
124.5567798614502,683.7859153747559
108.56127738952637,683.5789680480957
105.04508018493652,682.7991008758545
109.5888614654541,615.7031059265137
103.36804389953613,616.7476177215576
109.62319374084473,629.0249824523926
104.64620590209961,629.8680305480957
107.01990127563477,633.5828304290771
110.1219654083252,639.2641067504883
106.80818557739258,648.8978862762451
103.6520004272461,649.7700214385986
105.9122085571289,649.3499279022217
110.24188995361328,638.2119655609131
104.57587242126465,632.7130794525146
104.72679138183594,606.5309047698975
108.49595069885254,607.7229976654053
107.50579833984375,609.8048686981201
106.97388648986816,608.1790924072266
105.94010353088379,613.3198738098145
111.32502555847168,605.5309772491455
109.38286781311035,610.2359294891357
107.93304443359375,615.699052810669
108.07609558105469,616.0299777984619
106.41694068908691,613.2481098175049
104.56609725952148,614.8571968078613
105.56316375732422,608.9329719543457
112.89691925048828,608.8576316833496
107.38515853881836,611.454963684082
108.71005058288574,608.8509559631348
113.3577823638916,613.2738590240479
109.3449592590332,610.7990741729736
110.31389236450195,616.1868572235107
106.7202091217041,617.0761585235596
107.59806632995605,615.7381534576416
109.86804962158203,616.8591976165771
107.23495483398438,616.1720752716064
110.04185676574707,618.3784008026123
109.62295532226562,618.5019016265869
108.81495475769043,621.2179660797119
108.86907577514648,620.2561855316162
105.45897483825684,620.1682090759277
109.72166061401367,607.3048114776611
108.29377174377441,607.5789928436279
109.7569465637207,612.3173236846924
110.48603057861328,608.9520454406738
106.22787475585938,613.5280132293701
110.55994033813477,615.6680583953857
107.78999328613281,611.3889217376709
107.62810707092285,615.9839630126953
108.75225067138672,609.6701622009277
112.96725273132324,608.8171005249023
113.47293853759766,611.4039421081543
113.96098136901855,613.2128238677979
108.8399887084961,608.8259220123291
110.1987361907959,608.7276935577393
106.2161922454834,609.3568801879883
106.34517669677734,608.1399917602539
105.77511787414551,611.3278865814209
105.49783706665039,610.4450225830078
104.18272018432617,612.1532917022705
106.56905174255371,611.2639904022217
107.50722885131836,610.6958389282227
107.09500312805176,609.7588539123535
107.64193534851074,608.860969543457
105.7898998260498,612.4138832092285
105.20219802856445,613.9049530029297
106.01592063903809,610.1720333099365
105.46612739562988,612.5578880310059
105.00383377075195,614.3090724945068
107.63812065124512,609.6680164337158
104.03704643249512,612.0519638061523
105.45897483825684,610.447883605957
105.96680641174316,608.0329418182373
108.68096351623535,610.6901168823242
104.56585884094238,609.7681522369385
106.0030460357666,614.2110824584961
103.485107421875,610.342264175415
105.47995567321777,610.98313331604
106.17280006408691,619.6541786193848
104.0959358215332,625.2191066741943
104.42900657653809,624.4230270385742
103.29699516296387,626.0941028594971
105.21388053894043,623.4359741210938
117.44499206542969,622.6711273193359
121.19889259338379,624.1750717163086
107.71489143371582,624.323844909668
108.65426063537598,625.5898475646973
110.97598075866699,607.4168682098389
109.04598236083984,608.4001064300537
109.03000831604004,607.454776763916
108.89697074890137,610.8858585357666
107.59496688842773,609.0009212493896
106.60886764526367,609.8082065582275
106.30393028259277,609.2097759246826
108.86001586914062,607.0170402526855
105.08871078491211,606.1320304870605
105.37910461425781,606.4090728759766
109.22861099243164,611.1218929290771
110.54110527038574,609.7168922424316
106.51707649230957,611.0091209411621
105.05175590515137,613.044023513794
105.72695732116699,608.8159084320068
106.00781440734863,608.3009243011475
105.96299171447754,617.3868179321289
104.76112365722656,614.7730350494385
104.06208038330078,613.2869720458984
110.37278175354004,614.7139072418213
109.94267463684082,607.25998878479
106.35614395141602,613.3558750152588
108.53099822998047,611.0849380493164
106.2169075012207,607.637882232666
107.0399284362793,608.1640720367432
107.8038215637207,607.8059673309326
107.91492462158203,611.1938953399658
111.0231876373291,608.177900314331
112.90597915649414,609.6749305725098
107.76710510253906,614.8688793182373
113.42000961303711,614.2380237579346
114.56608772277832,608.6127758026123
106.80413246154785,612.6270294189453
110.52608489990234,611.3080978393555
109.14015769958496,619.0450191497803
107.6040267944336,612.8530502319336
107.73086547851562,613.7490272521973
111.08994483947754,613.166093826294
106.43815994262695,612.6179695129395
105.86404800415039,613.1811141967773
106.4600944519043,608.4980964660645
106.78601264953613,606.867790222168
106.58383369445801,609.1089248657227
105.19099235534668,610.3222370147705
111.07707023620605,613.4569644927979
105.48520088195801,615.1719093322754
107.61618614196777,612.4801635742188
107.35487937927246,617.5460815429688
110.77213287353516,610.3329658508301
111.05895042419434,610.0330352783203
110.5051040649414,612.4608516693115
105.51905632019043,607.5592041015625
103.34205627441406,619.3981170654297
107.98478126525879,618.4031963348389
113.51609230041504,613.7018203735352
106.62078857421875,616.746187210083
110.42404174804688,607.7661514282227
123.10409545898438,622.0600605010986
108.28709602355957,622.7478981018066
106.03809356689453,618.1178092956543
108.96730422973633,617.7091598510742
110.50224304199219,609.5831394195557
109.8020076751709,619.2028522491455
103.61218452453613,609.0927124023438
105.51214218139648,608.9670658111572
110.34297943115234,614.5730018615723
108.62898826599121,619.6019649505615
108.18004608154297,626.1692047119141
107.33175277709961,627.0489692687988
108.17790031433105,625.5500316619873
122.66707420349121,626.0967254638672
109.52997207641602,626.6558170318604
106.4450740814209,627.4502277374268
108.43110084533691,626.3508796691895
117.3853874206543,629.2290687561035
122.40099906921387,611.2937927246094
104.50410842895508,611.8078231811523
111.82188987731934,610.2199554443359
117.47193336486816,608.5119247436523
119.67802047729492,625.8671283721924
105.1170825958252,624.7251033782959
107.03015327453613,612.5280857086182
113.94214630126953,614.2022609710693
106.48775100708008,611.9828224182129
105.47614097595215,611.49001121521
108.50667953491211,614.124059677124
115.34690856933594,613.6829853057861
108.07514190673828,614.2020225524902
109.87997055053711,634.558916091919
105.60083389282227,635.3473663330078
117.65813827514648,637.7489566802979
106.0791015625,625.5011558532715
105.25989532470703,637.6252174377441
109.21430587768555,607.8550815582275
108.54506492614746,608.8058948516846
109.57789421081543,610.0428104400635
105.52787780761719,611.4580631256104
114.5620346069336,612.3387813568115
113.76595497131348,611.4819049835205
107.76281356811523,624.6540546417236
108.47115516662598,625.4189014434814
107.28907585144043,612.2949123382568
106.34613037109375,613.8379573822021
113.34085464477539,614.9189472198486
119.02213096618652,612.8342151641846
106.34899139404297,615.9560680389404
107.81407356262207,614.2239570617676
108.99806022644043,612.346887588501
104.74801063537598,609.7617149353027
106.7650318145752,620.1462745666504
106.96983337402344,609.2619895935059
107.32293128967285,613.8858795166016
106.9798469543457,609.7331047058105
110.91828346252441,618.9630031585693
112.47801780700684,618.7119483947754
109.23171043395996,618.4587478637695
106.6439151763916,619.2619800567627
105.84664344787598,610.4917526245117
110.77404022216797,611.9849681854248
111.79614067077637,615.0369644165039
106.75883293151855,618.3123588562012
109.98201370239258,617.8779602050781
106.53400421142578,610.8942031860352
106.67705535888672,615.5929565429688
110.08381843566895,618.1991100311279
111.91415786743164,610.1479530334473
108.60776901245117,615.6580448150635
105.8039665222168,609.1961860656738
107.78498649597168,611.8180751800537
108.08181762695312,613.4510040283203
105.69000244140625,607.7818870544434
106.6899299621582,609.3540191650391
106.08386993408203,609.6770763397217
106.26888275146484,616.3818836212158
105.27205467224121,618.2961463928223
105.63373565673828,617.9778575897217
107.5747013092041,615.6229972839355
108.8569164276123,617.8691387176514
104.60424423217773,619.5831298828125
109.74526405334473,619.3008422851562
108.97994041442871,617.222785949707
108.91509056091309,618.7131404876709
103.00922393798828,608.8969707489014
113.76690864562988,610.4602813720703
110.41903495788574,610.7139587402344
109.14015769958496,612.0262145996094
106.1098575592041,639.3578052520752
108.6740493774414,610.3360652923584
109.37285423278809,626.4991760253906
110.7940673828125,608.8807582855225
108.01982879638672,612.725019454956
109.0238094329834,612.8020286560059
104.80213165283203,611.9890213012695
112.88785934448242,612.3471260070801
117.01393127441406,607.8588962554932
103.64532470703125,608.8461875915527
103.24311256408691,609.8020076751709
115.93484878540039,610.8360290527344
110.29601097106934,608.7369918823242
105.6818962097168,611.274003982544
113.87801170349121,611.9379997253418
111.64999008178711,611.5877628326416
108.06393623352051,621.8488216400146
118.03889274597168,611.3889217376709
113.25907707214355,613.6832237243652
108.29710960388184,617.3131465911865
107.34105110168457,618.912935256958
105.57699203491211,613.9447689056396
108.93416404724121,610.9440326690674
106.88400268554688,613.3260726928711
105.27706146240234,614.008903503418
108.83569717407227,613.623857498169
107.33222961425781,613.4979724884033
116.57500267028809,613.4719848632812
117.0499324798584,611.4439964294434
115.93294143676758,614.4447326660156
112.64920234680176,617.9990768432617
122.3299503326416,617.750883102417
109.28106307983398,610.4669570922852
109.82799530029297,611.9751930236816
109.28583145141602,610.1410388946533
107.38301277160645,609.062910079956
109.01498794555664,611.1447811126709
105.44729232788086,612.8759384155273
106.48512840270996,613.1830215454102
105.35502433776855,608.767032623291
108.60395431518555,608.4918975830078
106.94098472595215,611.2492084503174
116.58811569213867,611.213207244873
108.6130142211914,613.3692264556885
105.94010353088379,614.7158145904541
111.34481430053711,609.4539165496826
107.1939468383789,620.9583282470703
109.01808738708496,619.2536354064941
108.4749698638916,607.4841022491455
116.89519882202148,616.1849498748779
115.29707908630371,618.3769702911377
107.56611824035645,619.9629306793213
109.06672477722168,619.3482875823975
114.32099342346191,608.2496643066406
113.09003829956055,612.281084060669
108.31785202026367,613.792896270752
119.1411018371582,608.2601547241211
109.96103286743164,608.8788509368896
107.47694969177246,609.8120212554932
106.99605941772461,612.231969833374
105.64899444580078,611.5257740020752
108.5357666015625,611.7720603942871
114.50004577636719,608.870267868042
112.02883720397949,610.1360321044922
107.4838638305664,612.4980449676514
110.6729507446289,611.3481521606445
108.27994346618652,610.407829284668
107.14030265808105,611.9706630706787
109.00187492370605,611.6321086883545
106.4918041229248,609.1578006744385
108.31499099731445,612.185001373291
108.7350845336914,614.4289970397949
105.73387145996094,610.0869178771973
105.74793815612793,614.5720481872559
106.53185844421387,608.2708835601807
107.12695121765137,614.3760681152344
107.65790939331055,609.2290878295898
105.57699203491211,614.4893169403076
107.36727714538574,612.9207611083984
108.53409767150879,615.3368949890137
104.827880859375,614.3131256103516
110.40902137756348,625.1661777496338
107.8958511352539,607.8517436981201
110.47077178955078,608.5357666015625
108.83307456970215,619.5311546325684
109.60578918457031,621.4430332183838
105.35502433776855,620.1260089874268
106.51302337646484,607.7029705047607
115.10491371154785,611.3851070404053
107.17391967773438,609.1680526733398
106.90617561340332,608.0751419067383
113.15298080444336,609.112024307251
111.9680404663086,611.3002300262451
104.4921875,610.7151508331299
105.75532913208008,607.954740524292
105.73506355285645,607.7280044555664
113.7089729309082,608.2189083099365
107.68485069274902,607.0530414581299
107.25617408752441,608.2298755645752
110.68081855773926,610.0120544433594
104.7971248626709,608.2191467285156
109.48395729064941,607.4748039245605
107.66386985778809,608.104944229126
113.39092254638672,606.799840927124
104.86483573913574,610.4340553283691
104.04491424560547,607.7568531036377
102.80299186706543,609.8589897155762
103.53899002075195,609.3239784240723
112.35308647155762,606.83274269104
113.88373374938965,608.1006526947021
120.81694602966309,609.5938682556152
105.99613189697266,608.4060668945312
125.80227851867676,604.7680377960205
120.34201622009277,608.9701652526855
108.17694664001465,609.0638637542725
137.27879524230957,608.2048416137695
107.80978202819824,611.0670566558838
106.02378845214844,609.7049713134766
102.25701332092285,610.3599071502686
103.72209548950195,608.6490154266357
107.208251953125,609.4422340393066
108.0167293548584,610.2819442749023
107.86104202270508,610.0401878356934
107.45406150817871,614.2809391021729
107.93423652648926,612.4629974365234
109.4660758972168,615.8897876739502
105.4229736328125,610.1469993591309
107.48910903930664,606.8658828735352
104.42972183227539,607.7477931976318
106.15777969360352,610.8002662658691
107.35607147216797,608.2272529602051
106.94313049316406,611.030101776123
112.06412315368652,611.2141609191895
109.39812660217285,610.5186939239502
123.74305725097656,610.9418869018555
122.25484848022461,611.4380359649658
107.63311386108398,606.1058044433594
110.00871658325195,605.0870418548584
105.94487190246582,607.9599857330322
104.50220108032227,606.8100929260254
106.62984848022461,605.2532196044922
106.53090476989746,606.5969467163086
109.64512825012207,607.2750091552734
107.5127124786377,609.5201969146729
110.29195785522461,608.6339950561523
106.65011405944824,608.3800792694092
105.30614852905273,609.5092296600342
111.84406280517578,607.0117950439453
106.5516471862793,608.5219383239746
107.79500007629395,607.0120334625244
109.375,609.0641021728516
109.29107666015625,605.5679321289062
106.03785514831543,605.7231426239014
104.52413558959961,607.5339317321777
106.75382614135742,611.3958358764648
108.50191116333008,607.4798107147217
110.97884178161621,607.2418689727783
108.54983329772949,606.3070297241211
107.78999328613281,608.0238819122314
107.71703720092773,606.8990230560303
108.53219032287598,609.0457439422607
107.09404945373535,612.2219562530518
120.08500099182129,612.7321720123291
114.7608757019043,610.5568408966064
106.70185089111328,610.6588840484619
114.71796035766602,607.227087020874
107.05995559692383,614.2468452453613
113.85393142700195,616.1789894104004
105.38887977600098,616.6510581970215
110.41378974914551,612.0657920837402
108.97493362426758,612.3719215393066
106.9939136505127,615.807056427002
104.81715202331543,617.1371936798096
106.11605644226074,621.2763786315918
103.06096076965332,620.5251216888428
104.77209091186523,621.49977684021
104.24089431762695,613.6620044708252
110.28122901916504,611.4559173583984
107.1779727935791,608.4480285644531
109.14182662963867,610.023021697998
106.01186752319336,614.4168376922607
117.42472648620605,609.795093536377
106.65011405944824,610.7418537139893
109.73095893859863,612.4470233917236
116.23501777648926,610.9030246734619
105.93104362487793,610.9707355499268
108.99877548217773,608.3099842071533
108.48593711853027,608.248233795166
111.7098331451416,609.421968460083
117.00296401977539,609.2977523803711
109.80629920959473,607.6858043670654
107.29289054870605,612.1189594268799
107.04898834228516,610.0258827209473
107.24997520446777,609.795093536377
111.68789863586426,607.8319549560547
105.65495491027832,611.0279560089111
112.44511604309082,609.677791595459
105.53407669067383,609.5778942108154
108.60490798950195,615.0598526000977
108.17289352416992,615.8361434936523
105.41534423828125,614.7449016571045
106.71329498291016,610.6157302856445
111.75298690795898,609.09104347229
106.84370994567871,610.8388900756836
108.59799385070801,609.403133392334
106.62603378295898,609.6727848052979
116.17803573608398,609.4229221343994
111.71078681945801,610.496997833252
106.44674301147461,609.2329025268555
107.28597640991211,614.5243644714355
117.55585670471191,608.8869571685791
104.92181777954102,610.4271411895752
106.66108131408691,609.8465919494629
106.40597343444824,609.4000339508057
109.31086540222168,613.1670475006104
111.5579605102539,611.018180847168
106.10294342041016,608.8862419128418
109.40909385681152,608.2897186279297
118.98589134216309,612.3988628387451
119.57788467407227,610.4710102081299
104.40301895141602,610.192060470581
106.61077499389648,613.0220890045166
109.97676849365234,614.5532131195068
111.3741397857666,607.8059673309326
,611.8149757385254
,609.1909408569336
,607.8929901123047
,614.3779754638672
,612.8640174865723
,614.5117282867432
,614.246129989624
,611.644983291626
,608.6349487304688
,608.8619232177734
,612.663745880127
,614.3019199371338
,608.593225479126
,608.8230609893799
,609.0350151062012
,610.1360321044922
,608.098030090332
,611.7699146270752
,610.7008457183838
,613.4738922119141
,613.8350963592529
,612.7979755401611
,612.5099658966064
,610.450029373169
,612.199068069458
,610.051155090332
,607.414960861206
,609.0130805969238
,607.8269481658936
,610.0928783416748
,608.253002166748
,608.5169315338135
,609.6320152282715
,608.7057590484619
,609.320878982544
,609.6818447113037
,610.3980541229248
,611.9048595428467
,608.0787181854248
,609.8859310150146
,610.602617263794
,605.5660247802734
,608.7989807128906
,607.5797080993652
,618.5109615325928
,615.2429580688477
,615.3860092163086
,609.5879077911377
,609.0188026428223
,608.0398559570312
,614.2499446868896
,609.8639965057373
,608.5660457611084
,610.8353137969971
,609.1840267181396
,608.9746952056885
,608.325719833374
,612.3828887939453
,612.0791435241699
,607.5460910797119
,609.112024307251
,608.8190078735352
,607.733964920044
,608.2711219787598
,608.3440780639648
,609.4708442687988
,609.4620227813721
,606.8029403686523
,608.7749004364014
,609.9629402160645
,609.483003616333
,608.8531017303467
,611.5388870239258
,606.9869995117188
,608.9248657226562
,608.6850166320801
,609.2410087585449
,612.0889186859131
,610.5191707611084
,608.4110736846924
,610.0709438323975
,613.6572360992432
,611.0129356384277
,608.6878776550293
,611.853837966919
,607.3489189147949
,611.5732192993164
,609.9538803100586
,611.6268634796143
,610.0077629089355
,612.5390529632568
,610.5568408966064
,610.8663082122803
,609.4708442687988
,607.4788570404053
,608.6032390594482
,611.2489700317383
,609.6620559692383
,611.1071109771729
,609.177827835083
,609.8477840423584
,611.0398769378662
,608.7045669555664
,609.6611022949219
,610.0978851318359
,609.2731952667236
,610.0280284881592
,613.0890846252441
,614.4180297851562
,608.8552474975586
,610.6059551239014
,607.8667640686035
,606.895923614502
,607.6653003692627
,606.4989566802979
,610.368013381958
,618.6418533325195
,613.2190227508545
,620.4731464385986
,609.853982925415
,607.0477962493896
,608.2801818847656
,610.297679901123
,611.8900775909424
,610.7940673828125
,615.123987197876
,617.3141002655029
,610.339879989624
,616.04905128479
,606.9521903991699
,607.6068878173828
,608.84690284729
,608.2580089569092
,606.6818237304688
,615.0331497192383
,619.4219589233398
,615.6909465789795
,622.2710609436035
,623.2211589813232
,615.4649257659912
,608.7040901184082
,611.393928527832
,613.631010055542
,609.4448566436768
,609.31396484375
,609.9119186401367
,610.1939678192139
,609.8012924194336
,613.1970882415771
,611.8180751800537
,611.4711761474609
,613.6469841003418
,608.3343029022217
,608.6657047271729
,607.6836585998535
,610.0749969482422
,609.3449592590332
,609.15207862854
,612.4558448791504
,607.3410511016846
,613.5969161987305
,612.7049922943115
,615.3616905212402
,611.4907264709473
,608.964204788208
,611.3500595092773
,612.3368740081787
,614.124059677124
,617.0289516448975
,612.5600337982178
,609.6630096435547
,612.3650074005127
,614.1688823699951
,611.9081974029541
,609.2929840087891
,613.3549213409424
,611.8161678314209
,613.34228515625
,607.4478626251221
,612.6399040222168
,609.795093536377
,612.8499507904053
,609.1220378875732
,612.1041774749756
,614.6118640899658
,617.8221702575684
,613.1880283355713
,614.616870880127
,618.016242980957
,609.9939346313477
,609.9190711975098
,614.6900653839111
,612.9860877990723
,610.2101802825928
,612.1993064880371
,608.4408760070801
,620.1999187469482
,611.0289096832275
,615.7159805297852
,615.9350872039795
,612.0281219482422
,615.3571605682373
,611.0289096832275
,609.5128059387207
,614.4778728485107
,615.300178527832
,615.1161193847656
,613.8851642608643
,610.353946685791
,609.6370220184326
,607.3870658874512
,608.5038185119629
,608.31618309021
,609.3831062316895
,610.0809574127197
,608.8149547576904
,612.7150058746338
,612.7312183380127
,614.3798828125
,613.7609481811523
,612.105131149292
,616.9347763061523
,620.945930480957
,609.3947887420654
,612.9410266876221
,609.018087387085
,609.6792221069336
,610.9859943389893
,610.8648777008057
,608.9341640472412
,611.3588809967041
,611.0210418701172
,610.015869140625
,618.1809902191162
,612.9560470581055
,614.253044128418
,613.4088039398193
,618.9680099487305
,608.1480979919434
,610.4769706726074
,610.8129024505615
,607.7899932861328
,607.6171398162842
,610.8648777008057
,609.7619533538818
,609.713077545166
,611.0231876373291
,611.7000579833984
,611.8969917297363
,608.9878082275391
,610.1851463317871
,609.6301078796387
,611.6011142730713
,616.0709857940674
,612.6391887664795
,612.8010749816895
,612.5679016113281
,611.4120483398438
,611.3033294677734
,614.7959232330322
,614.4449710845947
,612.7722263336182
,610.4428768157959
,609.6358299255371
,612.9562854766846
,612.9820346832275
,614.9578094482422
,606.6107749938965
,608.9560985565186
,611.5500926971436
,613.0280494689941
,610.335111618042
,607.3353290557861
,609.4551086425781
,610.4230880737305
,611.7308139801025
,609.464168548584
,609.1680526733398
,607.8858375549316
,614.2051219940186
,607.6929569244385
,606.1062812805176
,612.0078563690186
,610.2039813995361
,611.1109256744385
,613.6801242828369
,608.381986618042
,609.6951961517334
,610.0361347198486
,611.1171245574951
,607.1841716766357
,607.7659130096436
,605.7870388031006
,608.9050769805908
,608.5770130157471
,609.1408729553223
,610.2008819580078
,609.5438003540039
,608.2949638366699
,610.7337474822998
,609.9648475646973
,607.4750423431396
,610.2328300476074
,612.2651100158691
,610.457181930542
,615.1881217956543
,610.7490062713623
,613.9688491821289
,617.7000999450684
,609.7080707550049
,609.4071865081787
,612.3950481414795
,607.8760623931885
,607.9380512237549
,607.0740222930908
,606.2378883361816
,609.4181537628174
,609.0037822723389
,609.5359325408936
,607.6881885528564
,608.443021774292
,607.7799797058105
,610.4049682617188
,609.760046005249
,609.6198558807373
,607.2108745574951
,607.5100898742676
,611.151933670044
,608.7040901184082
,608.4651947021484
,607.7120304107666
,608.407735824585
,610.4309558868408
,610.7029914855957
,607.7430248260498
,608.6728572845459
,606.982946395874
,608.1759929656982
,610.1467609405518
,611.0367774963379
,605.8251857757568
,610.8400821685791
,606.3742637634277
,605.7767868041992
,608.7377071380615
,608.9351177215576
,609.4388961791992
,612.7660274505615
,609.0512275695801
,611.8588447570801
,610.0847721099854
,607.5398921966553
,610.3909015655518
,613.3320331573486
,615.2658462524414
,608.4659099578857
,606.1577796936035
,607.8667640686035
,609.1668605804443
,609.2908382415771
,610.3239059448242
,609.8527908325195
,605.8251857757568
,610.105037689209
,611.3190650939941
,611.4990711212158
,609.0400218963623
,609.2381477355957
,615.1399612426758
,614.4680976867676
,607.4588298797607
,609.1430187225342
,608.6900234222412
,609.5359325408936
,609.5201969146729
,609.5447540283203
,609.0579032897949
,606.8580150604248
,611.1412048339844
,609.9998950958252
,611.0751628875732
,609.6980571746826
,608.9432239532471
,608.4158420562744
,610.9600067138672
,614.6590709686279
,609.7867488861084
,608.7572574615479
,608.7100505828857
,608.4768772125244
,607.8808307647705
,610.386848449707
,611.3138198852539
,607.0079803466797
,610.3639602661133
,610.4671955108643
,610.2828979492188
,609.5077991485596
,609.792947769165
,609.5960140228271
,608.1030368804932
,610.9321117401123
,611.3710403442383
,606.8098545074463
,611.0358238220215
,610.8977794647217
,610.4331016540527
,612.4780178070068
,613.7208938598633
,608.496904373169
,609.0102195739746
,610.3270053863525
,607.8970432281494
,607.6569557189941
,607.3732376098633
,607.5079441070557
,608.2878112792969
,610.8748912811279
,609.5879077911377
,608.7400913238525
,610.5451583862305
,608.9909076690674
,610.6812953948975
,609.3149185180664
,605.6721210479736
,609.6861362457275
,609.5852851867676
,611.7997169494629
,608.0479621887207
,611.6909980773926
,606.4808368682861
,608.0582141876221
,609.609842300415
,611.2191677093506
,608.7889671325684
,608.7779998779297
,608.9680194854736
,608.7398529052734
,609.8666191101074
,609.5168590545654
,610.7680797576904
,607.4280738830566
,607.3830127716064
,608.8099479675293
,610.205888748169
,607.0070266723633
,609.7311973571777
,614.0129566192627
,607.6269149780273
,619.5077896118164
,607.6300144195557
,606.4770221710205
,608.5109710693359
,609.0011596679688
,610.6188297271729
,610.0747585296631
,609.6670627593994
,616.2071228027344
,613.2199764251709
,613.9271259307861
,609.428882598877
,606.6701412200928
,605.7529449462891
,608.0760955810547
,611.0279560089111
,607.4659824371338
,606.856107711792
,607.3360443115234
,608.687162399292
,606.9469451904297
,613.0549907684326
,607.3663234710693
,608.2749366760254
,610.1608276367188
,610.5101108551025
,609.1582775115967
,615.7350540161133
,612.4100685119629
,612.9839420318604
,613.088846206665
,612.7760410308838
,609.7500324249268
,611.3879680633545
,612.8158569335938
,609.992265701294
,614.8779392242432
,609.5569133758545
,614.0398979187012
,613.0001544952393
,611.2651824951172
,610.1291179656982
,614.0332221984863
,623.2080459594727
,614.6988868713379
,616.1808967590332
,620.9428310394287
,608.3979606628418
,608.893871307373
,611.382007598877
,612.6210689544678
,612.5020980834961
,611.1690998077393
,611.508846282959
,611.9768619537354
,608.4673404693604
,607.2840690612793
,613.0838394165039
,613.1069660186768
,613.6770248413086
,608.954906463623
,612.3039722442627
,607.3760986328125
,611.0258102416992
,607.4697971343994
,609.652042388916
,609.4388961791992
,607.490062713623
,609.2469692230225
,608.6349487304688
,610.6078624725342
,609.4100475311279
,610.353946685791
,606.7652702331543
,615.0472164154053
,606.9920063018799
,609.6329689025879
,606.2498092651367
,610.4786396026611
,614.1929626464844
,614.0210628509521
,612.9882335662842
,611.2260818481445
,613.1589412689209
,608.2489490509033
,607.5930595397949
,612.4250888824463
,607.396125793457
,614.3090724945068
,611.5639209747314
,611.7761135101318
,612.9636764526367
,607.3052883148193
,611.6931438446045
,605.7181358337402
,609.3947887420654
,608.8862419128418
,608.0141067504883
,608.8011264801025
,608.5808277130127
,610.1517677307129
,608.8809967041016
,606.9338321685791
,611.0780239105225
,608.2029342651367
,608.083963394165
,611.2480163574219
,608.3362102508545
,611.3009452819824
,613.1119728088379
,609.6868515014648
,611.9990348815918
,614.2129898071289
,610.6629371643066
,609.8270416259766
,608.849287033081
,610.2988719940186
,607.7618598937988
,610.4178428649902
,608.6850166320801
,605.1158905029297
,606.5590381622314
,605.1540374755859
,608.0029010772705
,614.4917011260986
,610.2199554443359
,609.9109649658203
,606.6648960113525
,613.044261932373
,612.7910614013672
,611.7038726806641
,610.9569072723389
,613.4562492370605
,613.178014755249
,612.8780841827393
,612.5860214233398
,607.1538925170898
,610.2902889251709
,615.3662204742432
,608.320951461792
,609.5197200775146
,611.9661331176758
,610.0811958312988
,610.1157665252686
,605.2029132843018
,606.7900657653809
,608.2749366760254
,609.065055847168
,612.0030879974365
,609.2679500579834
,609.2526912689209
,607.6500415802002
,622.3270893096924
,608.7591648101807
,606.9629192352295
,610.2359294891357
,608.6127758026123
,610.698938369751
,608.6812019348145
,606.8019866943359
,611.3553047180176
,608.206033706665
,612.4589443206787
,607.7618598937988
,608.9270114898682
,609.5640659332275
,610.5489730834961
,614.5939826965332
,612.6101016998291
,611.9301319122314
,607.8131198883057
,607.9611778259277
,611.0172271728516
,607.7229976654053
,608.5128784179688
,610.1891994476318
,617.4230575561523
,622.0300197601318
,623.0719089508057
,615.2722835540771
,611.5620136260986
,614.3710613250732
,614.9299144744873
,610.2221012115479
,608.5221767425537
,607.2378158569336
,608.3619594573975
,609.1089248657227
,608.9091300964355
,607.9113483428955
,607.9201698303223
,633.944034576416
,610.2488040924072
,633.3391666412354
,623.3339309692383
,630.0599575042725
,614.4912242889404
,609.1451644897461
,606.5037250518799
,609.9119186401367
,611.6988658905029
,610.0506782531738
,613.8348579406738
,608.6001396179199
,609.4629764556885
,608.7291240692139
,606.2319278717041
,606.6269874572754
,606.1058044433594
,606.6372394561768
,634.9530220031738
,628.1778812408447
,635.6308460235596
,607.4700355529785
,613.8288974761963
,612.3931407928467
,606.4221858978271
,605.0238609313965
,608.4249019622803
,605.8330535888672
,606.7299842834473
,627.6149749755859
,639.6231651306152
,644.2821025848389
,640.7139301300049
,635.3809833526611
,609.4260215759277
,613.9757633209229
,613.2111549377441
,613.6162281036377
,615.7610416412354
,608.5410118103027
,607.2909832000732
,607.6369285583496
,605.3383350372314
,605.5648326873779
,605.8869361877441
,613.3761405944824
,619.7822093963623
,615.4100894927979
,606.9881916046143
,614.5720481872559
,614.2299175262451
,620.0988292694092
,616.4419651031494
,608.1280708312988
,617.1798706054688
,608.8299751281738
,604.7658920288086
,605.1938533782959
,611.2990379333496
,604.3200492858887
,608.0169677734375
,606.3258647918701
,605.705976486206
,607.1290969848633
,609.3699932098389
,608.3629131317139
,609.3218326568604
,611.2642288208008
,611.2449169158936
,616.3058280944824
,612.9200458526611
,609.8318099975586
,614.7282123565674
,610.0900173187256
,608.1700325012207
,608.9069843292236
,609.6878051757812
,608.0880165100098
,608.612060546875
,610.7759475708008
,609.4989776611328
,609.7469329833984
,611.2246513366699
,605.6821346282959
,606.4450740814209
,609.5471382141113
,605.726957321167
,609.968900680542
,608.2100868225098
,607.0950031280518
,607.1739196777344
,608.2360744476318
,607.3226928710938
,605.6220531463623
,609.3640327453613
,608.6478233337402
,609.9848747253418
,604.9268245697021
,611.7370128631592
,612.3747825622559
,605.9980392456055
,611.8698120117188
,606.54616355896
,606.8589687347412
,608.6881160736084
,608.6668968200684
,609.1439723968506
,619.3881034851074
,608.96897315979
,613.1949424743652
,613.8439178466797
,609.1282367706299
,610.4767322540283
,610.2569103240967
,609.6627712249756
,609.0941429138184
,609.0788841247559
,610.2430820465088
,612.1659278869629
,611.640214920044
,608.8607311248779
,607.3052883148193
,608.8688373565674
,610.6510162353516
,609.6551418304443
,606.734037399292
,612.0791435241699
,611.0961437225342
,607.9258918762207
,608.2987785339355
,611.361026763916
,614.2771244049072
,612.760066986084
,611.2110614776611
,618.7829971313477
,627.1569728851318
,624.9370574951172
,619.7938919067383
,608.889102935791
,610.0096702575684
,610.0060939788818
,611.4208698272705
,610.5389595031738
,609.4419956207275
,608.2098484039307
,611.638069152832
,610.8179092407227
,607.6478958129883
,613.5711669921875
,612.5390529632568
,613.3182048797607
,614.619255065918
,607.835054397583
,610.2461814880371
,609.8029613494873
,608.896017074585
,616.5049076080322
,613.9209270477295
,606.9009304046631
,607.9668998718262
,608.7851524353027
,610.1980209350586
,608.6561679840088
,606.4088344573975
,613.6348247528076
,618.5901165008545
,618.1380748748779
,610.6972694396973
,617.2122955322266
,616.0781383514404
,614.710807800293
,615.5142784118652
,614.5050525665283
,616.8529987335205
,613.9960289001465
,609.2479228973389
,608.3340644836426
,608.9930534362793
,609.3878746032715
,610.2790832519531
,614.0520572662354
,615.2999401092529
,618.4718608856201
,613.516092300415
,620.7928657531738
,620.6858158111572
,616.2240505218506
,619.4801330566406
,607.3129177093506
,607.7818870544434
,608.0713272094727
,606.1708927154541
,611.6509437561035
,607.0818901062012
,606.8892478942871
,611.9358539581299
,609.6100807189941
,617.077112197876
,616.473913192749
,609.7099781036377
,613.1079196929932
,609.637975692749
,613.5518550872803
,609.2479228973389
,610.166072845459
,608.6828708648682
,608.2890033721924
,616.8971061706543
,608.7801456451416
,607.2821617126465
,610.1999282836914
,610.2981567382812
,608.1759929656982
,608.6161136627197
,609.2836856842041
,612.9858493804932
,608.4628105163574
,611.8178367614746
,609.4071865081787
,608.7081432342529
,607.7890396118164
,608.3872318267822
,609.8160743713379
,611.5248203277588
,608.4983348846436
,609.7040176391602
,613.2018566131592
,612.9868030548096
,608.9990139007568
,611.1769676208496
,612.5109195709229
,608.8173389434814
,610.623836517334
,610.4679107666016
,618.3240413665771
,614.6891117095947
,616.2021160125732
,617.6178455352783
,609.5521450042725
,609.6270084381104
,606.3721179962158
,607.313871383667
,610.1980209350586
,610.3239059448242
,608.386754989624
,609.3137264251709
,610.8212471008301
,613.0166053771973
,610.6901168823242
,610.6798648834229
,610.3019714355469
,608.9422702789307
,612.0619773864746
,611.5572452545166
,609.2851161956787
,609.7941398620605
,613.0979061126709
,608.1860065460205
,612.1101379394531
,606.9791316986084
,609.3101501464844
,609.7960472106934
,610.1481914520264
,606.1246395111084
,610.8639240264893
,612.4930381774902
,613.7628555297852
,612.8242015838623
,607.3191165924072
,613.0168437957764
,609.0891361236572
,609.1480255126953
,608.8922023773193
,611.0270023345947
,611.2251281738281
,614.1939163208008
,606.7938804626465
,613.2280826568604
,614.7420406341553
,612.6151084899902
,611.1867427825928
,610.5630397796631
,607.8760623931885
,607.7480316162109
,611.3617420196533
,609.1780662536621
,609.0912818908691
,610.0969314575195
,608.482837677002
,608.3238124847412
,606.8360805511475
,606.7981719970703
,607.1281433105469
,609.8580360412598
,609.4419956207275
,611.0339164733887
,609.6320152282715
,608.8969707489014
,614.4711971282959
,614.3159866333008
,608.2088947296143
,609.3969345092773
,609.4968318939209
,609.1949939727783
,610.471248626709
,609.576940536499
,613.1021976470947
,609.0409755706787
,608.3109378814697
,609.0919971466064
,608.9320182800293
,608.8039875030518
,608.5519790649414
,615.8227920532227
,612.3101711273193
,614.661693572998
,610.2509498596191
,611.7918491363525
,610.6081008911133
,613.6829853057861
,607.4318885803223
,612.2519969940186
,612.2021675109863
,609.1182231903076
,608.9496612548828
,608.0808639526367
,607.7759265899658
,611.2291812896729
,619.1151142120361
,618.9329624176025
,612.9930019378662
,609.6639633178711
,611.4881038665771
,614.6340370178223
,605.4320335388184
,607.6178550720215
,609.0481281280518
,606.9819927215576
,610.468864440918
,608.3991527557373
,604.9180030822754
,608.9301109313965
,609.8659038543701
,616.8258190155029
,610.1980209350586
,608.8321208953857
,608.5760593414307
,610.9488010406494
,613.4870052337646
,613.4400367736816
,609.6420288085938
,610.4471683502197
,610.130786895752
,609.760046005249
,609.6761226654053
,609.2281341552734
,608.8409423828125
,608.1790924072266
,606.0988903045654
,609.3571186065674
,607.8548431396484
,613.8312816619873
,609.950065612793
,616.3649559020996
,610.990047454834
,613.6958599090576
,612.5524044036865
,613.9261722564697
,613.5869026184082
,609.9908351898193
,609.9998950958252
,606.8708896636963
,609.1189384460449
,609.0428829193115
,609.1289520263672
,610.227108001709
,608.1311702728271
,606.661319732666
,612.5681400299072
,611.8240356445312
,610.6078624725342
,610.8300685882568
,615.2117252349854
,617.6249980926514
,612.1039390563965
,618.9758777618408
,610.8920574188232
,609.2879772186279
,616.4109706878662
,610.666036605835
,607.4869632720947
,612.5879287719727
,613.9700412750244
,610.4633808135986
,613.400936126709
,608.4890365600586
,611.4821434020996
,610.5241775512695
,607.6898574829102
,607.712984085083
,609.8220348358154
,609.7080707550049
,615.6280040740967
,611.6948127746582
,611.4282608032227
,609.5931529998779
,611.0970973968506
,609.4310283660889
,608.3221435546875
,607.3627471923828
,610.6469631195068
,615.2751445770264
,610.77880859375
,611.8652820587158
,612.9169464111328
,609.8260879516602
,609.3881130218506
,611.0708713531494
,605.8142185211182
,614.1791343688965
,608.4339618682861
,614.6810054779053
,619.2808151245117
,620.1553344726562
,608.1202030181885
,614.1781806945801
,608.1151962280273
,607.3548793792725
,617.5239086151123
,617.33078956604
,610.3420257568359
,611.2020015716553
,610.3510856628418
,608.3221435546875
,608.0851554870605
,608.9599132537842
,610.3739738464355
,611.1929416656494
,606.5728664398193
,607.1720123291016
,606.5762042999268
,610.6219291687012
,608.4742546081543
,605.6818962097168
,610.5620861053467
,609.1067790985107
,607.5520515441895
,609.2112064361572
,610.0900173187256
,608.4740161895752
,605.4708957672119
,607.1157455444336
,607.8720092773438
,606.3768863677979
,610.8019351959229
,606.414794921875
,606.1456203460693
,606.2006950378418
,606.9560050964355
,605.5788993835449
,609.9052429199219
,610.1260185241699
,608.7169647216797
,609.2259883880615
,609.9798679351807
,610.5799674987793
,610.0718975067139
,608.2351207733154
,611.4630699157715
,610.3460788726807
,607.2502136230469
,608.5090637207031
,608.4437370300293
,609.2159748077393
,610.2771759033203
,610.2681159973145
,609.9400520324707
,609.3590259552002
,612.5428676605225
,611.9270324707031
,610.4321479797363
,606.3330173492432
,614.1610145568848
,610.4888916015625
,608.9069843292236
,611.0250949859619
,612.2567653656006
,607.2640419006348
,606.1041355133057
,614.8111820220947
,609.3800067901611
,608.9890003204346
,608.9210510253906
,607.7067852020264
,609.6169948577881
,612.0409965515137
,606.5671443939209
,607.2850227355957
,606.0552597045898
,608.5059642791748
,607.2120666503906
,606.4081192016602
,607.9568862915039
,607.215166091919
,607.7539920806885
,606.964111328125
,608.2711219787598
,613.5749816894531
,605.4327487945557
,608.3519458770752
,607.5928211212158
,607.6059341430664
,607.5060367584229
,609.3180179595947
,610.6009483337402
,611.4578247070312
,611.5579605102539
,612.5059127807617
,609.6701622009277
,611.0959053039551
,612.7738952636719
,607.882022857666
,607.7349185943604
,609.7962856292725
,612.0431423187256
,612.1509075164795
,609.4729900360107
,611.7031574249268
,610.2583408355713
,609.8968982696533
,608.1809997558594
,612.0560169219971
,610.8930110931396
,611.0508441925049
,608.1459522247314
,608.8662147521973
,610.1088523864746
,611.3121509552002
,607.4140071868896
,609.6651554107666
,624.5419979095459
,613.1126880645752
,612.3619079589844
,608.9789867401123
,610.2280616760254
,614.7403717041016
,614.2909526824951
,609.2159748077393
,612.5428676605225
,609.1141700744629
,617.171049118042
,613.837718963623
,612.3950481414795
,616.5459156036377
,608.8411808013916
,611.7889881134033
,610.6619834899902
,611.9728088378906
,608.9737415313721
,608.0539226531982
,614.9251461029053
,614.6030426025391
,609.877347946167
,609.8878383636475
,610.6472015380859
,612.2050285339355
,615.1349544525146
,607.9750061035156
,614.4320964813232
,616.3630485534668
,612.7359867095947
,611.1752986907959
,609.9028587341309
,611.5498542785645
,607.7859401702881
,613.4898662567139
,616.797924041748
,612.5149726867676
,619.4219589233398
,611.0200881958008
,612.0641231536865
,613.2242679595947
,608.881950378418
,615.6582832336426
,610.08620262146
,606.3668727874756
,608.4499359130859
,612.3132705688477
,612.1678352355957
,612.2276782989502
,607.9070568084717
,608.9560985565186
,615.1292324066162
,611.0398769378662
,607.1569919586182
,609.3628406524658
,605.4351329803467
,611.1879348754883
,609.3037128448486
,608.1359386444092
,608.0052852630615
,608.6440086364746
,611.5491390228271
,609.2331409454346
,607.9390048980713
,612.9517555236816
,610.2378368377686
,610.2950572967529
,615.941047668457
,608.0038547515869
,609.2591285705566
,606.5139770507812
,606.2989234924316
,607.1410179138184
,605.133056640625
,606.281042098999
,609.5449924468994
,610.8808517456055
,611.9029521942139
,611.9210720062256
,608.9096069335938
,615.5359745025635
,609.9750995635986
,608.5419654846191
,607.2483062744141
,611.9272708892822
,615.6008243560791
,615.4711246490479
,616.8968677520752
,613.50417137146
,618.217945098877
,617.2590255737305
,614.145040512085
,607.9878807067871
,609.1561317443848
,608.2220077514648
,611.1688613891602
,616.6527271270752
,616.3928508758545
,607.1512699127197
,608.9861392974854
,612.6091480255127
,612.5538349151611
,611.9067668914795
,612.4391555786133
,614.4721508026123
,608.7098121643066
,617.896318435669
,613.7821674346924
,615.811824798584
,609.6329689025879
,610.8181476593018
,615.3552532196045
,607.1670055389404
,618.4952259063721
,610.0130081176758
,607.2869300842285
,609.3204021453857
,614.3181324005127
,612.8349304199219
,613.7189865112305
,611.3641262054443
,615.1511669158936
,611.5400791168213
,609.7800731658936
,617.7690029144287
,619.9181079864502
,621.0169792175293
,621.7670440673828
,615.8218383789062
,614.1738891601562
,621.5689182281494
,622.8978633880615
,607.9139709472656
,609.7321510314941
,619.1341876983643
,619.3499565124512
,616.8560981750488
,623.1570243835449
,616.304874420166
,618.8979148864746
,622.3797798156738
,624.0580081939697
,610.3322505950928
,609.4043254852295
,615.0901317596436
,616.5099143981934
,613.3570671081543
,613.2590770721436
,616.6837215423584
,616.8320178985596
,612.3359203338623
,610.4140281677246
,612.2438907623291
,606.8911552429199
,623.4400272369385
,622.089147567749
,617.1209812164307
,623.9738464355469
,616.4298057556152
,611.8488311767578
,611.4869117736816
,610.943078994751
,614.5453453063965
,615.4019832611084
,611.6151809692383
,609.7500324249268
,609.7259521484375
,622.9078769683838
,615.2632236480713
,615.6191825866699
,617.2888278961182
,608.9768409729004
,608.7417602539062
,623.6639022827148
,609.0469360351562
,609.0798377990723
,606.6398620605469
,610.9440326690674
,610.7110977172852
,605.6609153747559
,613.9380931854248
,607.5360774993896
,606.1840057373047
,606.5573692321777
,607.4047088623047
,614.2349243164062
,616.3389682769775
,609.7667217254639
,609.5139980316162
,607.3150634765625
,606.9369316101074
,608.691930770874
,610.4099750518799
,609.611988067627
,607.9859733581543
,615.6117916107178
,607.745885848999
,609.6620559692383
,608.4530353546143
,613.9638423919678
,608.483076095581
,610.0499629974365
,612.2927665710449
,608.3099842071533
,611.2208366394043
,625.8947849273682
,629.4641494750977
,620.7151412963867
,632.5068473815918
,636.4381313323975
,625.6058216094971
,625.1430511474609
,624.4080066680908
,627.0508766174316
,632.4300765991211
,611.7231845855713
,607.5031757354736
,615.476131439209
,615.3740882873535
,619.5509433746338
,626.0817050933838
,625.2930164337158
,627.11501121521
,628.0980110168457
,629.2500495910645
,607.7408790588379
,610.2199554443359
,608.5467338562012
,613.5618686676025
,618.2851791381836
,613.555908203125
,605.8800220489502
,607.8739166259766
,610.8059883117676
,610.9750270843506
,643.6750888824463
,625.5419254302979
,643.1241035461426
,639.6510601043701
,646.000862121582
,645.1928615570068
,609.5089912414551
,610.5389595031738
,608.5913181304932
,613.5733127593994
,617.9249286651611
,609.799861907959
,620.3320026397705
,606.9989204406738
,609.8592281341553
,625.8540153503418
,618.6690330505371
,618.4237003326416
,607.3269844055176
,630.3548812866211
,615.8039569854736
,615.2300834655762
,614.2399311065674
,614.3012046813965
,613.8820648193359
,618.6790466308594
,616.7500019073486
,613.7239933013916
,615.8080101013184
,617.1150207519531
,619.2779541015625
,619.9910640716553
,623.0370998382568
,607.813835144043
,606.3070297241211
,607.7408790588379
,608.8838577270508
,609.8589897155762
,607.1350574493408
,607.6998710632324
,610.396146774292
,609.0230941772461
,608.6540222167969
,608.616828918457
,608.8480949401855
,611.037015914917
,608.5996627807617
,608.6268424987793
,611.5560531616211
,611.1860275268555
,614.9029731750488
,611.7689609527588
,610.943078994751
,613.645076751709
,614.7782802581787
,612.0729446411133
,612.8618717193604
,613.7123107910156
,617.5320148468018
,620.3939914703369
,609.0743541717529
,609.065055847168
,610.5711460113525
,607.0582866668701
,615.211009979248
,614.5069599151611
,612.7827167510986
,608.3457469940186
,611.7730140686035
,612.9980087280273
,616.9819831848145
,614.1328811645508
,616.4901256561279
,610.6770038604736
,617.5851821899414
,619.5449829101562
,614.0608787536621
,612.800121307373
,614.7537231445312
,606.0678958892822
,609.0219020843506
,610.5389595031738
,613.0039691925049
,608.1180572509766
,607.7749729156494
,612.4007701873779
,607.6250076293945
,608.1690788269043
,606.3821315765381
,615.7989501953125
,621.729850769043
,614.1431331634521
,613.2771968841553
,612.372875213623
,611.9983196258545
,606.9350242614746
,604.3939590454102
,619.0938949584961
,615.8201694488525
,616.55592918396
,605.6010723114014
,608.0310344696045
,604.9330234527588
,605.7610511779785
,611.0250949859619
,607.3360443115234
,607.4423789978027
,610.3081703186035
,609.6436977386475
,620.499849319458
,608.206033706665
,605.8192253112793
,608.1340312957764
,615.6082153320312
,613.2397651672363
,616.8529987335205
,617.293119430542
,606.255292892456
,614.1037940979004
,604.254961013794
,608.7977886199951
,610.7628345489502
,609.2360019683838
,607.3920726776123
,612.515926361084
,613.8701438903809
,613.4488582611084
,606.3737869262695
,611.9859218597412
,615.7307624816895
,606.3699722290039
,606.7500114440918
,609.7569465637207
,606.4167022705078
,606.4081192016602
,605.1788330078125
,604.7940254211426
,606.7430973052979
,614.4020557403564
,614.1910552978516
,613.4278774261475
,614.8059368133545
,607.6688766479492
,607.4938774108887
,607.4669361114502
,606.0142517089844
,608.8340282440186
,620.6347942352295
,616.7101860046387
,606.0891151428223
,608.3869934082031
,610.6588840484619
,609.1430187225342
,608.5641384124756
,605.7357788085938
,613.638162612915
,606.6861152648926
,608.6099147796631
,607.0389747619629
,610.0060939788818
,611.0329627990723
,612.2848987579346
,622.2069263458252
,619.5309162139893
,610.058069229126
,607.9449653625488
,608.8821887969971
,608.3369255065918
,611.9539737701416
,606.2750816345215
,607.5441837310791
,612.8261089324951
,617.7830696105957
,616.0852909088135
,618.9470291137695
,619.6417808532715
,616.6012287139893
,615.1690483093262
,609.4260215759277
,611.0432147979736
,611.976146697998
,613.3809089660645
,612.2989654541016
,616.0111427307129
,614.2058372497559
,611.0091209411621
,610.5790138244629
,612.6430034637451
,610.3041172027588
,610.0368499755859
,611.9449138641357
,618.3769702911377
,613.1689548492432
,610.8009815216064
,612.9059791564941
,611.4909648895264
,611.1249923706055
,610.482931137085
,613.4328842163086
,609.4191074371338
,617.7799701690674
,611.0599040985107
,615.9360408782959
,615.3368949890137
,607.2568893432617
,614.778995513916
,608.5457801818848
,610.9752655029297
,618.0160045623779
,609.368085861206
,619.7679042816162
,609.6081733703613
,611.2720966339111
,608.0620288848877
,607.9027652740479
,610.7048988342285
,610.5477809906006
,612.6360893249512
,605.8731079101562
,604.7868728637695
,612.6840114593506
,608.5293292999268
,607.8660488128662
,605.8371067047119
,607.8987121582031
,609.710693359375
,608.8912487030029
,611.9537353515625
,609.2400550842285
,608.7353229522705
,609.4949245452881
,611.7079257965088
,609.7121238708496
,609.4472408294678
,612.5791072845459
,611.8049621582031
,612.8809452056885
,606.726884841919
,615.1788234710693
,611.3889217376709
,613.1608486175537
,606.8992614746094
,608.814001083374
,610.3119850158691
,607.7320575714111
,613.1432056427002
,610.0640296936035
,612.5919818878174
,606.6420078277588
,607.6769828796387
,612.3549938201904
,612.185001373291
,613.0156517028809
,615.027904510498
,608.9761257171631
,617.3858642578125
,610.360860824585
,608.6182594299316
,607.6231002807617
,607.6760292053223
,611.9129657745361
,620.6808090209961
,612.6468181610107
,607.0289611816406
,611.5059852600098
,614.7630214691162
,611.1161708831787
,614.6159172058105
,619.999885559082
,620.6707954406738
,615.9889698028564
,617.110013961792
,609.5259189605713
,613.3198738098145
,612.1211051940918
,610.9168529510498
,606.7750453948975
,611.6321086883545
,611.0260486602783
,608.0198287963867
,611.5193367004395
,609.5230579376221
,608.407735824585
,608.4690093994141
,611.1059188842773
,610.1081371307373
,612.0550632476807
,611.6237640380859
,609.450101852417
,613.8238906860352
,607.6979637145996
,607.4941158294678
,607.7630519866943
,611.8049621582031
,616.7759895324707
,611.7219924926758
,608.9799404144287
,610.3417873382568
,611.5498542785645
,609.3952655792236
,609.7307205200195
,609.2629432678223
,606.4980030059814
,610.9879016876221
,611.9592189788818
,610.8338832855225
,609.4326972961426
,607.835054397583
,607.8488826751709
,611.706018447876
,622.3030090332031
,621.8228340148926
,626.0738372802734
,618.6881065368652
,608.9398860931396
,615.9169673919678
,609.0826988220215
,611.38916015625
,610.5632781982422
,611.2728118896484
,610.8059883117676
,608.6909770965576
,609.8711490631104
,608.2119941711426
,616.9102191925049
,607.7959537506104
,619.3408966064453
,619.2030906677246
,611.7470264434814
,610.198974609375
,611.3038063049316
,611.8228435516357
,610.9180450439453
,606.3470840454102
,609.4427108764648
,607.7988147735596
,618.8511848449707
,608.6280345916748
,627.5899410247803
,619.6959018707275
,608.1821918487549
,612.57004737854
,616.962194442749
,607.1908473968506
,625.4880428314209
,625.5278587341309
,620.5310821533203
,611.9139194488525
,608.1268787384033
,609.3308925628662
,612.7090454101562
,612.2212409973145
,625.3812313079834
,611.7990016937256
,619.1492080688477
,612.4918460845947
,610.6147766113281
,615.3008937835693
,610.3219985961914
,610.8062267303467
,610.8427047729492
,613.4300231933594
,608.3481311798096
,610.4960441589355
,615.2162551879883
,612.3368740081787
,615.8826351165771
,617.7961826324463
,617.57493019104
,619.2030906677246
,613.1398677825928
,612.9279136657715
,615.5390739440918
,615.4131889343262
,615.3988838195801
,615.7150268554688
,610.2032661437988
,613.3177280426025
,611.4780902862549
,610.2089881896973
,606.7638397216797
,607.7609062194824
,614.6249771118164
,615.5869960784912
,607.38205909729
,614.4938468933105
,615.4658794403076
,614.4917011260986
,614.2599582672119
,620.6567287445068
,617.6369190216064
,621.0169792175293
,620.9421157836914
,616.0969734191895
,609.8458766937256
,618.865966796875
,620.7962036132812
,618.5979843139648
,616.1022186279297
,608.8941097259521
,609.6608638763428
,608.8769435882568
,616.157054901123
,616.1792278289795
,609.0822219848633
,608.7889671325684
,606.3790321350098
,609.0099811553955
,612.4820709228516
,620.466947555542
,623.0790615081787
,622.9162216186523
,608.4878444671631
,610.1119518280029
,609.8129749298096
,608.3860397338867
,611.9329929351807
,611.7370128631592
,611.3619804382324
,610.3649139404297
,614.9840354919434
,613.785982131958
,610.2418899536133
,611.7269992828369
,612.839937210083
,611.7210388183594
,612.2071743011475
,611.9990348815918
,608.8690757751465
,607.8548431396484
,614.6838665008545
,611.346960067749
,615.8409118652344
,611.2310886383057
,610.440731048584
,607.4178218841553
,606.619119644165
,609.6930503845215
,611.4137172698975
,607.2211265563965
,609.1818809509277
,617.0897483825684
,611.7100715637207
,613.3818626403809
,612.6267910003662
,612.0507717132568
,613.2440567016602
,617.0229911804199
,618.10302734375
,612.2851371765137
,612.1690273284912
,610.8319759368896
,608.983039855957
,607.1569919586182
,612.044095993042
,615.617036819458
,619.8678016662598
,619.4291114807129
,610.5530261993408
,609.1928482055664
,608.2601547241211
,609.0521812438965
,612.1869087219238
,620.4848289489746
,616.1649227142334
,617.5229549407959
,621.3517189025879
,616.7778968811035
,619.0199851989746
,612.0080947875977
,612.4510765075684
,608.2038879394531
,609.9698543548584
,611.0579967498779
,610.4152202606201
,614.6540641784668
,608.2649230957031
,626.2547969818115
,633.155107498169
,611.8679046630859
,633.9888572692871
,635.4801654815674
,610.9912395477295
,611.7560863494873
,609.3318462371826
,607.5718402862549
,610.7802391052246
,610.1679801940918
,616.4121627807617
,615.941047668457
,609.9708080291748
,610.0332736968994
,616.6868209838867
,611.3491058349609
,617.8030967712402
,612.0178699493408
,609.3840599060059
,611.4208698272705
,612.1718883514404
,608.7348461151123
,614.5379543304443
,605.2863597869873
,606.1370372772217
,610.9161376953125
,614.8948669433594
,611.2759113311768
,611.3240718841553
,611.2692356109619
,609.3990802764893
,607.0010662078857
,610.5179786682129
,610.9840869903564
,606.3389778137207
,610.9449863433838
,610.9840869903564
,610.3386878967285
,610.1980209350586
,607.4581146240234
,611.2289428710938
,605.797290802002
,612.6949787139893
,606.2569618225098
,611.2370491027832
,609.6630096435547
,610.382080078125
,610.5508804321289
,605.2219867706299
,605.5400371551514
,605.2772998809814
,608.3569526672363
,612.3871803283691
,611.9627952575684
,610.7971668243408
,613.9030456542969
,610.4779243469238
,607.1360111236572
,608.1869602203369
,608.313798904419
,607.8426837921143
,608.2680225372314
,610.3479862213135
,610.5704307556152
,610.4142665863037
,617.6607608795166
,618.0601119995117
,616.718053817749
,624.3469715118408
,617.7711486816406
,607.0430278778076
,608.6688041687012
,610.4030609130859
,610.6228828430176
,608.7067127227783
,609.5340251922607
,609.2190742492676
,607.2418689727783
,608.4160804748535
,610.0959777832031
,607.1028709411621
,608.1762313842773
,613.0459308624268
,610.2399826049805
,627.5510787963867
,621.7041015625
,625.648021697998
,626.3289451599121
,630.6149959564209
,622.337818145752
,609.6000671386719
,609.400749206543
,610.5170249938965
,612.9059791564941
,612.0319366455078
,610.9030246734619
,620.866060256958
,609.5871925354004
,607.2640419006348
,610.4321479797363
,608.8738441467285
,614.4719123840332
,621.7911243438721
,620.5923557281494
,616.0619258880615
,616.6708469390869
,617.9273128509521
,605.388879776001
,610.5151176452637
,611.7041110992432
,609.0409755706787
,616.9440746307373
,612.0607852935791
,605.7369709014893
,622.622013092041
,626.2719631195068
,618.6139583587646
,608.2408428192139
,610.9178066253662
,611.8340492248535
,612.529993057251
,610.9371185302734
,611.4540100097656
,606.8460941314697
,607.3110103607178
,607.4562072753906
,607.9721450805664
,608.3779335021973
,610.1140975952148
,609.389066696167
,609.7490787506104
,621.0002899169922
,612.7088069915771
,612.5359535217285
,614.03489112854
,612.2848987579346
,617.0370578765869
,615.9131526947021
,613.9037609100342
,610.4569435119629
,611.3259792327881
,607.7589988708496
,612.1389865875244
,613.7049198150635
,610.7940673828125
,610.2340221405029
,605.8781147003174
,607.1019172668457
,608.9012622833252
,607.0868968963623
,610.5170249938965
,609.6241474151611
,608.1631183624268
,607.5649261474609
,608.5128784179688
,605.0238609313965
,607.2549819946289
,605.7920455932617
,606.6758632659912
,611.9379997253418
,609.0900897979736
,608.3300113677979
,607.3620319366455
,608.9589595794678
,605.597972869873
,608.0288887023926
,606.8980693817139
,607.8188419342041
,608.5798740386963
,605.7009696960449
,611.4637851715088
,612.2212409973145
,609.0729236602783
,610.7878684997559
,610.4700565338135
,611.7489337921143
,610.1179122924805
,615.7371997833252
,613.4426593780518
,613.0931377410889
,610.5349063873291
,611.6468906402588
,611.1040115356445
,608.0441474914551
,608.7841987609863
,609.5988750457764
,609.4000339508057
,614.7520542144775
,609.9038124084473
,615.3950691223145
,612.3898029327393
,612.8871440887451
,611.1679077148438
,610.4729175567627
,615.4072284698486
,610.8770370483398
,608.424186706543
,609.6549034118652
,609.0638637542725
,607.0129871368408
,610.5279922485352
,610.3692054748535
,612.0240688323975
,610.673189163208
,612.3342514038086
,613.2540702819824
,608.3159446716309
,610.1329326629639
,608.7031364440918
,610.0859642028809
,610.2960109710693
,613.9209270477295
,620.2518939971924
,627.4538040161133
,619.8909282684326
,630.1109790802002
,626.5370845794678
,629.3649673461914
,612.4427318572998
,616.2428855895996
,608.3829402923584
,610.903263092041
,608.2019805908203
,606.8429946899414
,609.1959476470947
,610.5337142944336
,608.6301803588867
,611.3431453704834
,616.339921951294
,609.4648838043213
,609.1890335083008
,619.0872192382812
,614.4728660583496
,606.5700054168701
,609.6420288085938
,609.0691089630127
,608.9589595794678
,620.6231117248535
,615.3311729431152
,611.8259429931641
,609.0092658996582
,611.091136932373
,609.1189384460449
,608.6370944976807
,618.7009811401367
,608.5169315338135
,607.4497699737549
,606.6818237304688
,613.8930320739746
,617.9609298706055
,625.046968460083
,622.6098537445068
,623.4118938446045
,625.7131099700928
,634.2229843139648
,635.6639862060547
,612.9980087280273
,611.1807823181152
,608.6337566375732
,612.2901439666748
,607.4011325836182
,627.6218891143799
,609.6258163452148
,607.3760986328125
,607.7167987823486
,611.5021705627441
,607.7101230621338
,609.9519729614258
,612.401008605957
,613.6891841888428
,613.5790348052979
,613.4152412414551
,611.1841201782227
,609.0757846832275
,612.0729446411133
,607.8250408172607
,618.4220314025879
,608.391284942627
,615.3600215911865
,617.5501346588135
,609.4436645507812
,613.5010719299316
,614.5660877227783
,608.5591316223145
,615.8661842346191
,607.4249744415283
,608.1819534301758
,607.5859069824219
,610.8338832855225
,609.7409725189209
,607.3510646820068
,607.3892116546631
,605.4239273071289
,616.7101860046387
,608.2839965820312
,609.4582080841064
,617.7749633789062
,617.7089214324951
,619.0829277038574
,617.3539161682129
,610.4588508605957
,612.6449108123779
,610.3959083557129
,620.2750205993652
,613.7001514434814
,608.9720726013184
,617.1371936798096
,609.8499298095703
,608.0613136291504
,609.583854675293
,608.7911128997803
,613.5580539703369
,607.5267791748047
,610.6917858123779
,611.6242408752441
,621.9360828399658
,610.0122928619385
,612.7369403839111
,613.821268081665
,608.7548732757568
,617.2580718994141
,624.6819496154785
,622.1060752868652
,616.0387992858887
,621.6030120849609
,609.3788146972656
,609.7080707550049
,612.3130321502686
,613.659143447876
,607.2821617126465
,609.5499992370605
,609.7221374511719
,609.3041896820068
,609.1861724853516
,612.8330230712891
,606.177806854248
,607.8200340270996
,613.2380962371826
,609.7128391265869
,618.0441379547119
,612.1821403503418
,615.5247688293457
,613.2757663726807
,618.772029876709
,615.2482032775879
,611.8149757385254
,607.8901290893555
,616.9359683990479
,616.2028312683105
,613.7220859527588
,613.8591766357422
,616.6150569915771
,620.8181381225586
,615.5738830566406
,616.43385887146
,616.4031028747559
,612.4358177185059
,611.8237972259521
,615.868091583252
,610.6853485107422
,615.0407791137695
,617.6071166992188
,608.7579727172852
,612.2980117797852
,611.9730472564697
,614.213228225708
,612.8828525543213
,609.328031539917
,617.4750328063965
,617.4678802490234
,614.1581535339355
,612.5998497009277
,610.0940704345703
,611.7029190063477
,608.9320182800293
,614.6218776702881
,614.1748428344727
,611.8319034576416
,621.5901374816895
,618.9911365509033
,623.0478286743164
,625.5099773406982
,620.9390163421631
,618.7179088592529
,608.6652278900146
,610.2540493011475
,609.1070175170898
,613.0928993225098
,615.8559322357178
,618.1409358978271
,608.8669300079346
,614.2539978027344
,612.6608848571777
,610.2252006530762
,609.9016666412354
,608.4868907928467
,610.5132102966309
,609.9331378936768
,610.1031303405762
,611.2527847290039
,607.5208187103271
,612.8909587860107
,616.5168285369873
,609.15207862854
,612.1070384979248
,623.0318546295166
,617.6741123199463
,622.683048248291
,608.363151550293
,608.4678173065186
,611.994743347168
,607.2731018066406
,609.0528964996338
,607.4099540710449
,611.1669540405273
,617.5518035888672
,608.6640357971191
,619.9233531951904
,607.5701713562012
,612.1821403503418
,606.5521240234375
,606.8730354309082
,608.997106552124
,605.9181690216064
,607.8348159790039
,606.6482067108154
,606.9040298461914
,611.8888854980469
,608.6080074310303
,610.1031303405762
,607.2981357574463
,611.2377643585205
,608.2332134246826
,607.4719429016113
,606.4109802246094
,607.5530052185059
,618.8030242919922
,616.5940761566162
,617.7668571472168
,606.30202293396
,606.9471836090088
,607.5141429901123
,611.696720123291
,609.6088886260986
,610.6979846954346
,609.4310283660889
,607.7370643615723
,606.2111854553223
,605.5388450622559
,608.7038516998291
,608.0009937286377
,607.5060367584229
,605.9331893920898
,610.8899116516113
,614.7868633270264
,609.6329689025879
,608.2069873809814
,611.0479831695557
,612.3368740081787
,609.3049049377441
,615.4251098632812
,608.5429191589355
,606.6157817840576
,607.295036315918
,613.4939193725586
,619.3058490753174
,617.8669929504395
,618.3788776397705
,606.6231727600098
,606.5669059753418
,608.9808940887451
,609.3060970306396
,613.335132598877
,611.3941669464111
,612.8911972045898
,615.8130168914795
,625.4329681396484
,612.7068996429443
,613.8267517089844
,624.8230934143066
,610.9182834625244
,617.711067199707
,607.2709560394287
,607.990026473999
,615.8549785614014
,614.3088340759277
,616.5969371795654
,617.4309253692627
,604.3808460235596
,605.2548885345459
,605.9846878051758
,612.8280162811279
,617.6080703735352
,611.7739677429199
,607.964038848877
,611.2430095672607
,610.2089881896973
,613.1126880645752
,607.2502136230469
,610.8300685882568
,616.173267364502
,618.0648803710938
,609.8251342773438
,610.9859943389893
,618.6172962188721
,618.617057800293
,610.6340885162354
,607.1188449859619
,609.001874923706
,609.0989112854004
,606.0190200805664
,605.7159900665283
,608.8159084320068
,610.3999614715576
,611.1271381378174
,627.586841583252
,607.0008277893066
,608.5350513458252
,609.7378730773926
,622.0691204071045
,611.8509769439697
,614.0670776367188
,614.4330501556396
,614.642858505249
,607.090950012207
,620.823860168457
,608.1647872924805
,608.558177947998
,609.5378398895264
,611.10520362854
,607.5022220611572
,607.9988479614258
,611.7508411407471
,609.8020076751709
,611.3309860229492
,612.1580600738525
,615.6919002532959
,611.851692199707
,611.7939949035645
,615.2539253234863
,613.9559745788574
,620.1138496398926
,617.2409057617188
,613.0828857421875
,612.9088401794434
,612.6501560211182
,613.922119140625
,609.9541187286377
,618.0670261383057
,621.3960647583008
,622.3239898681641
,616.0697937011719
,614.0248775482178
,617.2397136688232
,630.0399303436279
,626.8391609191895
,612.5149726867676
,608.8368892669678
,608.0670356750488
,607.9552173614502
,614.8710250854492
,616.6038513183594
,614.9282455444336
,607.6278686523438
,618.9908981323242
,608.9639663696289
,616.2807941436768
,615.7948970794678
,610.5320453643799
,616.8131828308105
,615.3960227966309
,619.088888168335
,616.7900562286377
,626.5130043029785
,625.1330375671387
,613.3959293365479
,627.7041435241699
,622.0381259918213
,624.2518424987793
,625.2720355987549
,619.7817325592041
,614.321231842041
,610.882043838501
,607.3648929595947
,606.2610149383545
,610.0809574127197
,614.8450374603271
,615.6952381134033
,617.347002029419
,615.5462265014648
,608.9920997619629
,609.3308925628662
,610.9707355499268
,612.5719547271729
,609.1439723968506
,608.2110404968262
,613.0819320678711
,617.1138286590576
,616.8191432952881
,618.8440322875977
,610.0249290466309
,614.4640445709229
,609.7619533538818
,609.478235244751
,608.1078052520752
,611.6409301757812
,611.361026763916
,610.435962677002
,608.5140705108643
,610.2261543273926
,613.6331558227539
,616.4958477020264
,617.7270412445068
,620.4371452331543
,612.3490333557129
,609.0617179870605
,608.5829734802246
,613.149881362915
,618.2091236114502
,607.3908805847168
,615.0949001312256
,613.8741970062256
,613.5969161987305
,614.6969795227051
,609.0278625488281
,612.8990650177002
,614.5620346069336
,615.6659126281738
,615.2360439300537
,612.3020648956299
,613.4178638458252
,621.9258308410645
,624.7031688690186
,610.4221343994141
,617.0587539672852
,616.1410808563232
,618.6478137969971
,623.9533424377441
,606.1859130859375
,608.7009906768799
,611.0868453979492
,614.3271923065186
,618.9360618591309
,616.7490482330322
,612.6270294189453
,610.4409694671631
,623.9800453186035
,609.6639633178711
,610.4080677032471
,611.0169887542725
,609.7517013549805
,610.7261180877686
,609.259843826294
,607.4450016021729
,607.4140071868896
,610.1598739624023
,610.1953983306885
,610.2888584136963
,610.8999252319336
,610.1822853088379
,611.0928058624268
,612.5187873840332
,605.8979034423828
,608.6528301239014
,610.7308864593506
,610.3560924530029
,609.915018081665
,611.0048294067383
,608.9322566986084
,611.6390228271484
,614.8350238800049
,611.0680103302002
,614.5279407501221
,609.4532012939453
,611.285924911499
,613.2709980010986
,610.1608276367188
,612.7047538757324
,609.9920272827148
,610.4650497436523
,610.6150150299072
,608.8871955871582
,610.1219654083252
,611.4578247070312
,615.631103515625
,610.0926399230957
,622.6990222930908
,610.4300022125244
,609.2970371246338
,610.7351779937744
,609.4369888305664
,614.9649620056152
,612.9639148712158
,616.7991161346436
,615.2870655059814
,613.3298873901367
,613.0070686340332
,613.0189895629883
,613.2059097290039
,610.8620166778564
,612.5118732452393
,612.8630638122559
,616.034984588623
,613.1210327148438
,612.1730804443359
,610.5537414550781
,608.5519790649414
,607.2487831115723
,616.163969039917
,612.6008033752441
,615.8440113067627
,608.5660457611084
,611.6058826446533
,611.8557453155518
,617.1169281005859
,614.109992980957
,615.9689426422119
,610.501766204834
,607.9680919647217
,609.7652912139893
,610.8658313751221
,612.9717826843262
,621.1380958557129
,617.2473430633545
,613.3389472961426
,614.9649620056152
,616.6038513183594
,617.3739433288574
,622.2038269042969
,610.5129718780518
,609.7230911254883
,609.3361377716064
,613.8780117034912
,609.9939346313477
,614.2308712005615
,612.9562854766846
,618.0281639099121
,611.8791103363037
,608.9258193969727
,607.8219413757324
,608.173131942749
,609.5719337463379
,610.6092929840088
,612.476110458374
,612.0040416717529
,613.6901378631592
,610.9082698822021
,614.0091419219971
,609.0059280395508
,609.119176864624
,611.2229824066162
,609.7490787506104
,609.0149879455566
,609.1718673706055
,612.7839088439941
,608.1550121307373
,607.4202060699463
,614.3276691436768
,612.2488975524902
,612.1389865875244
,614.077091217041
,613.3511066436768
,608.7150573730469
,609.2090606689453
,611.544132232666
,608.4129810333252
,607.7141761779785
,607.5520515441895
,608.2868576049805
,610.2280616760254
,610.0831031799316
,610.393762588501
,611.4809513092041
,609.9441051483154
,610.5473041534424
,611.285924911499
,610.1319789886475
,611.2058162689209
,608.9158058166504
,606.9791316986084
,609.1330051422119
,608.5066795349121
,610.2490425109863
,610.8899116516113
,610.3248596191406
,611.4339828491211
,608.0968379974365
,607.5038909912109
,612.7469539642334
,611.5248203277588
,611.4392280578613
,608.4249019622803
,610.3849411010742
,607.2311401367188
,607.403039932251
,608.3090305328369
,609.5898151397705
,608.6626052856445
,608.4387302398682
,610.5620861053467
,613.0189895629883
,611.1569404602051
,606.3601970672607
,612.4618053436279
,611.8941307067871
,611.191987991333
,611.2799644470215
,607.6407432556152
,610.3706359863281
,608.2360744476318
,610.0020408630371
,610.0101470947266
,605.9560775756836
,612.4470233917236
,610.543966293335
,609.8160743713379
,607.3956489562988
,607.0880889892578
,608.6447238922119
,609.947919845581
,607.2759628295898
,615.3929233551025
,613.1401062011719
,607.3110103607178
,615.4208183288574
,616.4462566375732
,608.5119247436523
,605.1509380340576
,607.4819564819336
,608.5920333862305
,610.2457046508789
,607.5069904327393
,607.1772575378418
,606.6129207611084
,605.7071685791016
,607.907772064209
,606.2393188476562
,606.478214263916
,612.250804901123
,611.8900775909424
,609.5418930053711
,616.9767379760742
,606.0128211975098
,608.7450981140137
,609.5538139343262
,605.2539348602295
,608.2570552825928
,607.274055480957
,607.1681976318359
,613.8350963592529
,613.361120223999
,615.649938583374
,617.6249980926514
,614.6891117095947
,618.5791492462158
,608.6280345916748
,608.7019443511963
,612.7469539642334
,612.4229431152344
,609.4191074371338
,609.6940040588379
,611.8979454040527
,607.6910495758057
,609.3947887420654
,609.7581386566162
,612.99729347229
,612.4017238616943
,610.414981842041
,606.6188812255859
,616.8770790100098
,619.5778846740723
,609.3840599060059
,620.521068572998
,610.6901168823242
,618.920087814331
,613.3718490600586
,606.5809726715088
,610.4528903961182
,608.4201335906982
,611.3808155059814
,607.8510284423828
,608.9000701904297
,609.5349788665771
,612.0479106903076
,607.172966003418
,609.78102684021
,607.2099208831787
,609.7409725189209
,608.6299419403076
,614.3479347229004
,606.3120365142822
,610.4757785797119
,611.6511821746826
,612.720251083374
,615.1199340820312
,607.2168350219727
,607.9318523406982
,607.2967052459717
,611.1700534820557
,607.7094078063965
,607.8140735626221
,610.1489067077637
,618.7489032745361
,618.189811706543
,616.786003112793
,607.3877811431885
,614.3040657043457
,609.0850830078125
,609.7919940948486
,610.0432872772217
,609.3671321868896
,610.8579635620117
,609.1570854187012
,608.6280345916748
,612.0550632476807
,609.2917919158936
,609.0800762176514
,609.6670627593994
,611.3619804382324
,609.4028949737549
,606.7156791687012
,605.7348251342773
,607.842206954956
,606.834888458252
,609.0631484985352
,611.3557815551758
,611.9198799133301
,609.9040508270264
,608.4790229797363
,610.0931167602539
,608.4449291229248
,611.4728450775146
,607.2289943695068
,608.8697910308838
,611.6020679473877
,614.145040512085
,620.3279495239258
,617.2170639038086
,613.6980056762695
,623.7590312957764
,606.2579154968262
,607.0699691772461
,611.2477779388428
,610.9418869018555
,613.9688491821289
,606.9362163543701
,608.9749336242676
,608.0970764160156
,609.6270084381104
,609.1818809509277
,610.5890274047852
,611.2151145935059
,611.5372180938721
,610.954999923706
,613.6209964752197
,608.6270809173584
,608.691930770874
,610.9678745269775
,609.3130111694336
,614.6018505096436
,614.4511699676514
,610.5642318725586
,611.198902130127
,610.3479862213135
,612.0800971984863
,609.5459461212158
,611.1249923706055
,616.7697906494141
,614.4258975982666
,620.5427646636963
,620.1038360595703
,623.9569187164307
,622.3442554473877
,611.0351085662842
,626.0361671447754
,612.7066612243652
,607.1343421936035
,612.0219230651855
,611.0219955444336
,618.9067363739014
,607.5999736785889
,608.9856624603271
,607.2859764099121
,607.5699329376221
,611.1981868743896
,609.2417240142822
,615.0951385498047
,616.6739463806152
,617.6660060882568
,617.1379089355469
,619.4145679473877
,609.3740463256836
,607.5630187988281
,608.588695526123
,609.5409393310547
,608.569860458374
,613.3787631988525
,611.7918491363525
,611.3846302032471
,615.4870986938477
,617.2299385070801
,618.1859970092773
,614.1290664672852
,610.6350421905518
,607.9330444335938
,609.2019081115723
,607.8238487243652
,619.6029186248779
,615.2338981628418
,617.8200244903564
,621.6931343078613
,614.2289638519287
,615.3771877288818
,617.9099082946777
,611.2420558929443
,613.5759353637695
,614.9749755859375
,608.4537506103516
,624.8950958251953
,621.2401390075684
,628.4079551696777
,628.3679008483887
,625.6511211395264
,614.3040657043457
,609.8642349243164
,607.4090003967285
,608.6039543151855
,609.8818778991699
,608.2429885864258
,610.3639602661133
,608.590841293335
,633.3260536193848
,623.8868236541748
,615.2980327606201
,611.5391254425049
,612.5330924987793
,623.6810684204102
,623.0208873748779
,612.2896671295166
,614.159107208252
,622.7331161499023
,610.253095626831
,617.6679134368896
,613.9998435974121
,615.5247688293457
,615.2639389038086
,616.9979572296143
,618.1681156158447
,609.105110168457
,606.2381267547607
,629.248857498169
,630.0780773162842
,631.2329769134521
,624.7706413269043
,625.903844833374
,610.6312274932861
,612.666130065918
,610.4302406311035
,608.9742183685303
,609.8530292510986
,609.6360683441162
,613.3100986480713
,634.148120880127
,610.0342273712158
,611.1249923706055
,610.9769344329834
,609.990119934082
,608.9451313018799
,610.3239059448242
,609.489917755127
,609.036922454834
,606.7221164703369
,608.8922023773193
,610.1770401000977
,612.5941276550293
,607.7020168304443
,610.3448867797852
,607.8147888183594
,608.2708835601807
,611.3128662109375
,607.5499057769775
,607.7330112457275
,607.4738502502441
,609.9629402160645
,610.7051372528076
,612.1671199798584
,620.1009750366211
,620.5828189849854
,622.5028038024902
,619.779109954834
,621.1228370666504
,621.7901706695557
,610.9919548034668
,611.0451221466064
,615.0467395782471
,606.0810089111328
,611.4768981933594
,611.3588809967041
,611.9208335876465
,610.375165939331
,612.2632026672363
,615.004301071167
,609.0967655181885
,609.4350814819336
,607.9528331756592
,607.8777313232422
,606.4057350158691
,608.4029674530029
,607.1698665618896
,607.9502105712891
,612.5071048736572
,611.534833908081
,608.5641384124756
,611.2639904022217
,608.8359355926514
,616.0168647766113
,607.8519821166992
,609.8480224609375
,608.299970626831
,609.1930866241455
,609.2538833618164
,608.3621978759766
,608.5138320922852
,628.9608478546143
,625.058650970459
,619.4858551025391
,628.0398368835449
,605.7748794555664
,606.9529056549072
,611.5138530731201
,612.6220226287842
,610.0890636444092
,614.2940521240234
,607.978105545044
,611.3259792327881
,616.347074508667
,613.2512092590332
,616.1949634552002
,614.8548126220703
,614.3651008605957
,612.8110885620117
,624.7131824493408
,625.5381107330322
,614.630937576294
,613.9187812805176
,611.2468242645264
,607.731819152832
,608.565092086792
,608.6199283599854
,609.3041896820068
,613.7418746948242
,618.095874786377
,615.7896518707275
,618.7446117401123
,626.4350414276123
,617.0370578765869
,608.5591316223145
,607.0611476898193
,611.983060836792
,611.6428375244141
,607.7938079833984
,623.0640411376953
,609.9231243133545
,607.8827381134033
,617.2170639038086
,627.8247833251953
,612.680196762085
,631.1120986938477
,610.6357574462891
,606.7378520965576
,630.1331520080566
,606.4591407775879
,613.0359172821045
,625.615119934082
,626.8720626831055
,629.3611526489258
,634.242057800293
,629.0760040283203
,614.6082878112793
,615.7608032226562
,608.9131832122803
,608.2189083099365
,609.8220348358154
,616.7418956756592
,622.8578090667725
,623.3079433441162
,624.1259574890137
,620.495080947876
,608.0951690673828
,611.0539436340332
,608.5951328277588
,608.5429191589355
,632.9729557037354
,632.9379081726074
,605.2429676055908
,606.1780452728271
,605.5309772491455
,606.4591407775879
,607.7513694763184
,604.1700839996338
,631.5300464630127
,627.1460056304932
,609.0211868286133
,612.4041080474854
,610.7809543609619
,604.1269302368164
,611.473798751831
,608.4537506103516
,609.3661785125732
,609.2967987060547
,609.7652912139893
,610.7592582702637
,605.7960987091064
,607.1062088012695
,606.9490909576416
,611.8209362030029
,606.1620712280273
,610.1009845733643
,607.1727275848389
,605.571985244751
,606.0378551483154
,606.3628196716309
,608.6809635162354
,608.849048614502
,609.6587181091309
,610.9349727630615
,608.0658435821533
,610.1541519165039
,610.8758449554443
,610.5573177337646
,611.4859580993652
,608.180046081543
,609.3370914459229
,605.8440208435059
,609.5883846282959
,611.8390560150146
,612.3440265655518
,608.1421375274658
,607.6450347900391
,608.3049774169922
,608.9119911193848
,607.6858043670654
,604.3651103973389
,607.4869632720947
,605.8940887451172
,608.2899570465088
,608.3199977874756
,611.7949485778809
,608.5100173950195
,611.2890243530273
,613.9931678771973
,613.4870052337646
,611.0620498657227
,608.6502075195312
,610.1648807525635
,608.5262298583984
,608.7851524353027
,606.8947315216064
,605.6623458862305
,606.0361862182617
,608.8759899139404
,607.2759628295898
,610.1500988006592
,610.4738712310791
,610.3591918945312
,614.8641109466553
,612.9310131072998
,612.3678684234619
,614.1109466552734
,612.0500564575195
,608.618974685669
,611.0389232635498
,618.0200576782227
,623.4121322631836
,610.4691028594971
,624.741792678833
,607.166051864624
,611.0272407531738
,612.0827198028564
,609.144926071167
,608.6740493774414
,609.0579032897949
,611.7229461669922
,606.7171096801758
,605.7090759277344
,607.9721450805664
,607.029914855957
,607.6700687408447
,614.4208908081055
,611.5179061889648
,613.2299900054932
,613.1632328033447
,610.5189323425293
,609.6060276031494
,608.983039855957
,606.7359447479248
,611.6340160369873
,609.3907356262207
,614.3460273742676
,611.6540431976318
,607.5830459594727
,614.5250797271729
,609.4517707824707
,609.8978519439697
,605.5278778076172
,611.6330623626709
,615.9038543701172
,617.2409057617188
,609.4198226928711
,605.9110164642334
,608.7958812713623
,620.5580234527588
,610.1338863372803
,615.4041290283203
,615.6060695648193
,614.3288612365723
,613.7480735778809
,614.7449016571045
,610.1980209350586
,607.6560020446777
,611.2997531890869
,609.5023155212402
,608.5422039031982
,611.2930774688721
,613.6789321899414
,613.2960319519043
,610.9752655029297
,609.4462871551514
,609.9109649658203
,613.872766494751
,610.382080078125
,609.9979877471924
,608.2439422607422
,609.4450950622559
,607.011079788208
,606.8131923675537
,611.0849380493164
,612.1101379394531
,610.3081703186035
,611.8171215057373
,613.8157844543457
,627.7899742126465
,623.7318515777588
,624.3739128112793
,614.454984664917
,609.4307899475098
,609.9538803100586
,609.9419593811035
,608.0050468444824
,607.990026473999
,609.2121601104736
,609.3411445617676
,606.6029071807861
,610.5279922485352
,617.7158355712891
,612.3571395874023
,609.6937656402588
,608.8790893554688
,610.0881099700928
,609.5569133758545
,608.130931854248
,618.7000274658203
,610.5048656463623
,609.9820137023926
,611.8278503417969
,615.8447265625
,608.903169631958
,610.8360290527344
,608.2322597503662
,608.9248657226562
,610.0211143493652
,610.0730895996094
,607.7520847320557
,605.9410572052002
,608.9558601379395
,613.5749816894531
,622.7378845214844
,607.7589988708496
,611.4401817321777
,612.6828193664551
,620.46217918396
,618.3507442474365
,619.7633743286133
,617.0930862426758
,623.5449314117432
,621.3419437408447
,620.3551292419434
,611.548900604248
,607.4128150939941
,608.3347797393799
,609.5199584960938
,607.5499057769775
,606.5430641174316
,607.8846454620361
,615.1769161224365
,614.8920059204102
,612.6368045806885
,615.2260303497314
,609.8260879516602
,607.2812080383301
,608.687162399292
,611.0050678253174
,618.272066116333
,610.4249954223633
,608.4699630737305
,611.929178237915
,615.1890754699707
,616.6911125183105
,622.3773956298828
,613.5139465332031
,613.0409240722656
,611.975908279419
,609.4658374786377
,610.3928089141846
,607.9719066619873
,612.0259761810303
,609.5280647277832
,608.4840297698975
,615.581750869751
,616.8601512908936
,614.2909526824951
,610.8222007751465
,620.4080581665039
,620.2759742736816
,606.4729690551758
,610.0659370422363
,618.8380718231201
,614.72487449646
,619.042158126831
,605.8378219604492
,605.7617664337158
,605.816125869751
,615.4189109802246
,616.43385887146
,615.3299808502197
,615.246057510376
,611.0689640045166
,608.4589958190918
,608.6530685424805
,608.288049697876
,609.1301441192627
,611.0811233520508
,609.7748279571533
,611.5090847015381
,609.307050704956
,609.2579364776611
,613.8429641723633
,611.1631393432617
,616.4288520812988
,618.7019348144531
,616.7619228363037
,605.2720546722412
,606.4858436584473
,611.706018447876
,611.1900806427002
,611.8109226226807
,610.7010841369629
,610.6791496276855
,609.5318794250488
,642.0259475708008
,610.0380420684814
,606.7919731140137
,612.9939556121826
,609.468936920166
,614.4418716430664
,610.0318431854248
,608.5669994354248
,611.1009120941162
,610.3019714355469
,608.0517768859863
,607.9320907592773
,609.670877456665
,610.3878021240234
,609.1949939727783
,607.9041957855225
,625.6880760192871
,627.5558471679688
,607.9061031341553
,617.5551414489746
,621.4871406555176
,614.1741275787354
,612.6620769500732
,613.4679317474365
,612.5020980834961
,609.201192855835
,615.1077747344971
,615.0460243225098
,608.569860458374
,609.2381477355957
,607.9819202423096
,616.448163986206
,622.1837997436523
,625.2217292785645
,619.7669506072998
,620.9759712219238
,624.4370937347412
,609.2448234558105
,607.7361106872559
,609.4870567321777
,609.1179847717285
,610.9309196472168
,610.9340190887451
,617.4881458282471
,607.6922416687012
,614.6600246429443
,613.3589744567871
,626.2898445129395
,626.2087821960449
,622.9989528656006
,609.5380783081055
,611.3629341125488
,612.4770641326904
,612.2727394104004
,609.9081039428711
,613.8629913330078
,609.0428829193115
,606.8599224090576
,615.1289939880371
,624.2258548736572
,616.7600154876709
,616.793155670166
,618.2668209075928
,604.4201850891113
,615.4098510742188
,623.9559650421143
,607.6350212097168
,607.703685760498
,607.5739860534668
,606.4870357513428
,606.4357757568359
,607.7258586883545
,607.8517436981201
,610.1639270782471
,610.3579998016357
,611.5987300872803
,610.5122566223145
,610.7308864593506
,607.062816619873
,610.1298332214355
,607.5658798217773
,610.4860305786133
,608.6280345916748
,607.5398921966553
,611.6528511047363
,609.5669269561768
,610.3453636169434
,614.5048141479492
,612.5860214233398
,609.0049743652344
,610.8758449554443
,610.3801727294922
,608.3452701568604
,610.0828647613525
,611.3741397857666
,609.4610691070557
,605.4959297180176
,607.0950031280518
,609.7981929779053
,609.8942756652832
,608.6430549621582
,608.5419654846191
,607.0108413696289
,606.8201065063477
,614.6388053894043
,606.2781810760498
,607.9859733581543
,610.8701229095459
,607.3329448699951
,608.8502407073975
,606.7929267883301
,606.7049503326416
,608.0889701843262
,608.7210178375244
,614.6330833435059
,614.1500473022461
,607.8448295593262
,610.1059913635254
,616.9619560241699
,613.2152080535889
,613.2700443267822
,612.8361225128174
,619.2629337310791
,612.9248142242432
,608.7229251861572
,606.9130897521973
,606.5750122070312
,608.4480285644531
,606.5740585327148
,616.0709857940674
,625.8301734924316
,622.9550838470459
,627.5529861450195
,616.3878440856934
,624.3269443511963
,630.5952072143555
,629.0500164031982
,625.5588531494141
,628.281831741333
,607.0771217346191
,609.0688705444336
,606.5590381622314
,607.7959537506104
,605.4139137268066
,609.9820137023926
,611.8030548095703
,611.1319065093994
,610.4490756988525
,613.3749485015869
,615.3428554534912
,607.7358722686768
,608.4091663360596
,609.1229915618896
,606.2629222869873
,611.2058162689209
,622.9128837585449
,621.7029094696045
,604.8069000244141
,607.2418689727783
,616.2998676300049
,617.4588203430176
,606.9700717926025
,617.041826248169
,613.4960651397705
,609.0438365936279
,612.3812198638916
,612.8790378570557
,610.2180480957031
,612.6151084899902
,611.483097076416
,623.2929229736328
,612.8780841827393
,612.9639148712158
,618.3521747589111
,609.4808578491211
,612.9951477050781
,613.9388084411621
,606.640100479126
,626.2791156768799
,610.9957695007324
,611.0689640045166
,610.184907913208
,613.0931377410889
,613.7790679931641
,609.8747253417969
,611.436128616333
,612.4389171600342
,611.7429733276367
,614.0589714050293
,610.3808879852295
,606.9290637969971
,606.6629886627197
,611.2961769104004
,615.574836730957
,611.3471984863281
,606.5788269042969
,607.8248023986816
,607.9411506652832
,609.1709136962891
,607.2583198547363
,610.5589866638184
,607.2289943695068
,618.492841720581
,612.1749877929688
,623.8069534301758
,613.6341094970703
,612.1621131896973
,607.6967716217041
,612.0293140411377
,605.8359146118164
,609.4887256622314
,616.1458492279053
,613.3918762207031
,610.3999614715576
,615.3850555419922
,609.8001003265381
,615.8599853515625
,610.8191013336182
,612.7228736877441
,608.893871307373
,611.6821765899658
,606.2042713165283
,609.6420288085938
,610.3978157043457
,612.9710674285889
,611.2170219421387
,611.1900806427002
,610.4867458343506
,613.490104675293
,610.131025314331
,608.6020469665527
,610.7909679412842
,612.2517585754395
,610.9418869018555
,608.7501049041748
,610.5411052703857
,614.9981021881104
,608.2980632781982
,606.9676876068115
,608.5669994354248
,609.2441082000732
,608.2699298858643
,613.1069660186768
,613.8548851013184
,606.3761711120605
,607.1977615356445
,606.9271564483643
,611.7360591888428
,613.0201816558838
,607.1426868438721
,608.3278656005859
,607.9697608947754
,606.5549850463867
,612.4699115753174
,608.8161468505859
,609.6880435943604
,608.0572605133057
,608.5629463195801
,608.0131530761719
,607.964277267456
,608.8709831237793
,611.8040084838867
,613.5768890380859
,611.8628978729248
,611.1490726470947
,608.475923538208
,608.0167293548584
,607.3710918426514
,607.2728633880615
,607.2561740875244
,605.9629917144775
,610.5611324310303
,612.7269268035889
,613.210916519165
,607.7079772949219
,616.7118549346924
,613.368034362793
,620.675802230835
,608.618974685669
,612.6899719238281
,613.4521961212158
,613.4629249572754
,612.6370429992676
,613.8029098510742
,613.788366317749
,616.1160469055176
,608.6258888244629
,617.4888610839844
,613.3897304534912
,607.921838760376
,606.9822311401367
,616.8687343597412
,618.0098056793213
,619.8070049285889
,621.5901374816895
,616.1901950836182
,612.4708652496338
,611.9790077209473
,611.1922264099121
,618.1778907775879
,616.5847778320312
,610.9139919281006
,615.5741214752197
,623.1720447540283
,622.9329109191895
,618.5338497161865
,612.1137142181396
,606.381893157959
,612.1599674224854
,621.6862201690674
,608.3390712738037
,611.069917678833
,607.6052188873291
,606.1019897460938
,610.3322505950928
,609.5921993255615
,607.2380542755127
,608.4201335906982
,606.4791679382324
,607.3217391967773
,609.9178791046143
,611.8369102478027
,609.9278926849365
,607.2471141815186
,608.0429553985596
,610.3203296661377
,623.2209205627441
,619.5840835571289
,614.9799823760986
,615.138053894043
,617.4819469451904
,618.4008121490479
,625.1912117004395
,626.7857551574707
,626.8818378448486
,617.5780296325684
,625.791072845459
,623.81911277771
,606.6579818725586
,608.008861541748
,613.011360168457
,611.5508079528809
,614.1190528869629
,616.3508892059326
,611.6292476654053
,606.0760021209717
,610.8040809631348
,610.5198860168457
,610.8269691467285
,620.5759048461914
,608.1180572509766
,622.2977638244629
,616.5528297424316
,615.6957149505615
,619.6389198303223
,622.0932006835938
,606.665849685669
,610.6958389282227
,611.7801666259766
,607.6850891113281
,606.6310405731201
,608.1547737121582
,606.3752174377441
,608.4978580474854
,608.3409786224365
,608.2539558410645
,604.1498184204102
,609.6980571746826
,610.0740432739258
,608.3230972290039
,611.217737197876
,611.9511127471924
,610.5000972747803
,611.7770671844482
,618.7469959259033
,617.135763168335
,618.2668209075928
,622.6379871368408
,608.4809303283691
,624.4478225708008
,625.8840560913086
,611.497163772583
,609.7681522369385
,622.2851276397705
,607.9607009887695
,609.2438697814941
,610.7978820800781
,608.403205871582
,610.1119518280029
,611.8700504302979
,612.1447086334229
,614.6371364593506
,610.5568408966064
,615.0698661804199
,608.0257892608643
,609.687089920044
,607.1600914001465
,608.3359718322754
,613.6152744293213
,609.9700927734375
,607.5179576873779
,609.0748310089111
,611.6089820861816
,609.1659069061279
,607.5031757354736
,613.3430004119873
,614.3319606781006
,610.0022792816162
,608.8061332702637
,606.5900325775146
,612.5998497009277
,612.8170490264893
,612.0059490203857
,612.8990650177002
,610.137939453125
,610.8660697937012
,614.8138046264648
,615.3297424316406
,612.9999160766602
,610.950231552124
,615.03005027771
,612.6699447631836
,620.1348304748535
,607.2430610656738
,615.2369976043701
,617.5460815429688
,624.1819858551025
,625.0150203704834
,622.6298809051514
,621.9980716705322
,624.5718002319336
,618.772029876709
,624.2959499359131
,618.4282302856445
,619.3969249725342
,629.3148994445801
,624.9978542327881
,615.3008937835693
,606.8019866943359
,617.6619529724121
,616.7569160461426
,618.8018321990967
,610.2962493896484
,617.1979904174805
,616.0738468170166
,617.1960830688477
,608.7901592254639
,610.4710102081299
,608.5009574890137
,611.076831817627
,607.4621677398682
,624.3000030517578
,626.8749237060547
,626.2929439544678
,628.8790702819824
,629.6589374542236
,627.5620460510254
,607.292890548706
,608.4370613098145
,618.6790466308594
,618.4818744659424
,613.1691932678223
,618.0837154388428
,616.3330078125
,620.3668117523193
,607.492208480835
,607.0561408996582
,610.285758972168
,610.8517646789551
,608.9169979095459
,608.9701652526855
,610.4929447174072
,608.4139347076416
,608.4778308868408
,616.0001754760742
,613.7447357177734
,618.8299655914307
,610.1901531219482
,618.8092231750488
,622.5581169128418
,618.844747543335
,619.4181442260742
,623.2819557189941
,621.4849948883057
,618.3209419250488
,616.9509887695312
,622.6239204406738
,608.7119579315186
,614.995002746582
,616.2059307098389
,613.5179996490479
,618.1271076202393
,616.6946887969971
,617.3467636108398
,614.4392490386963
,606.097936630249
,609.5459461212158
,606.2321662902832
,612.436056137085
,607.7308654785156
,610.2709770202637
,613.1970882415771
,608.9420318603516
,614.9609088897705
,612.6909255981445
,611.7310523986816
,613.6538982391357
,612.9190921783447
,608.7989807128906
,614.9270534515381
,614.9652004241943
,618.0212497711182
,616.098165512085
,615.03005027771
,610.7017993927002
,611.065149307251
,608.4871292114258
,609.6539497375488
,608.2718372344971
,609.4460487365723
,610.3832721710205
,610.3260517120361
,609.4961166381836
,614.0291690826416
,611.4590167999268
,610.5527877807617
,611.781120300293
,610.037088394165
,611.6101741790771
,609.8501682281494
,611.5407943725586
,610.4240417480469
,613.0807399749756
,614.0921115875244
,613.0788326263428
,608.2768440246582
,606.1050891876221
,614.7959232330322
,611.5992069244385
,611.1469268798828
,607.9790592193604
,612.8361225128174
,615.3450012207031
,607.8550815582275
,606.3487529754639
,609.4882488250732
,606.3580513000488
,608.583927154541
,609.3010902404785
,607.3718070983887
,609.0061664581299
,611.5970611572266
,612.739086151123
,617.0239448547363
,611.2391948699951
,612.5349998474121
,609.4422340393066
,615.6339645385742
,609.1172695159912
,612.1480464935303
,607.9280376434326
,610.5098724365234
,611.4981174468994
,610.8927726745605
,611.4981174468994
,610.0828647613525
,613.3971214294434
,615.0259971618652
,616.1329746246338
,616.9121265411377
,610.3768348693848
,610.867977142334
,613.4772300720215
,613.2290363311768
,615.1769161224365
,618.0820465087891
,619.2970275878906
,620.8751201629639
,616.926908493042
,613.9593124389648
,612.7700805664062
,621.8278408050537
,616.8780326843262
,619.1821098327637
,617.279052734375
,621.9768524169922
,610.7151508331299
,625.5679130554199
,620.3680038452148
,621.2780475616455
,627.5360584259033
,629.9257278442383
,611.2668514251709
,620.6991672515869
,611.1841201782227
,611.0060214996338
,611.7231845855713
,620.2600002288818
,622.7099895477295
,610.2950572967529
,610.5039119720459
,611.2709045410156
,609.4908714294434
,610.8589172363281
,611.2277507781982
,609.8828315734863
,616.9137954711914
,619.7612285614014
,619.3749904632568
,609.8487377166748
,610.274076461792
,611.0818386077881
,611.778974533081
,608.4961891174316
,612.2820377349854
,606.8868637084961
,608.1852912902832
,612.1008396148682
,612.7512454986572
,608.8922023773193
,610.9218597412109
,613.4958267211914
,615.9751415252686
,608.7679862976074
,606.3320636749268
,611.5379333496094
,613.4598255157471
,613.361120223999
,613.5072708129883
,618.0341243743896
,612.2696399688721
,622.6332187652588
,616.0261631011963
,611.9081974029541
,617.7229881286621
,616.0199642181396
,610.6612682342529
,616.2376403808594
,613.2590770721436
,612.7097606658936
,620.0859546661377
,610.0091934204102
,608.8249683380127
,613.335132598877
,615.2200698852539
,608.6339950561523
,610.5079650878906
,608.705997467041
,611.473798751831
,611.6580963134766
,607.3799133300781
,620.7857131958008
,615.8528327941895
,620.9347248077393
,617.3770427703857
,616.4798736572266
,610.0950241088867
,613.1188869476318
,615.2408123016357
,613.2960319519043
,612.0560169219971
,612.2050285339355
,616.2071228027344
,612.5912666320801
,620.9590435028076
,610.9681129455566
,608.8800430297852
,609.6439361572266
,623.7120628356934
,618.3578968048096
,620.4550266265869
,619.1091537475586
,619.3568706512451
,617.2490119934082
,610.7010841369629
,615.6017780303955
,614.1870021820068
,618.7281608581543
,617.2270774841309
,612.9360198974609
,662.5590324401855
,610.943078994751
,610.5589866638184
,608.0460548400879
,612.3032569885254
,609.6100807189941
,611.1009120941162
,610.090970993042
,608.5622310638428
,605.8108806610107
,612.372875213623
,611.9327545166016
,616.9850826263428
,613.9988899230957
,607.4130535125732
,606.503963470459
,614.617109298706
,610.9638214111328
,616.0600185394287
,654.278039932251
,661.4210605621338
,608.9839935302734
,610.0301742553711
,612.7941608428955
,612.8778457641602
,611.8419170379639
,613.3880615234375
,610.7118129730225
,612.199068069458
,612.1001243591309
,609.961986541748
,610.7521057128906
,607.1550846099854
,610.4681491851807
,613.6529445648193
,610.8200550079346
,627.0880699157715
,636.2712383270264
,652.4200439453125
,653.1541347503662
,654.0133953094482
,648.4987735748291
